timestamp_utc,rank,team,score
2026-07-06 09:43:43,1,Isaiah @ Tufa Labs,1828.9
2026-07-06 09:43:43,2,TonyK,1760.8
2026-07-06 09:43:43,3,Hober Malloc,1740.8
2026-07-06 09:43:43,4,Jake Will,1738.6
2026-07-06 09:43:43,5,Felix M Neumann,1705.9
2026-07-06 09:43:43,6,flg,1703.7
2026-07-06 09:43:43,7,Audun Ljone Henriksen,1690.7
2026-07-06 09:43:43,8,Ender,1674.7
2026-07-06 09:43:43,9,One Man Wrecking Machine,1658.0
2026-07-06 09:43:43,10,moriiiiiiiiim,1653.2
2026-07-06 09:43:43,11,Boey,1646.8
2026-07-06 09:43:43,12,M & J & M.ver2,1632.8
2026-07-06 09:43:43,13,Luca,1627.3
2026-07-06 09:43:43,14,Xiangyu Liu,1617.4
2026-07-06 09:43:43,15,dragon warrior,1615.0
2026-07-06 09:43:43,16,Azat Akhtyamov,1594.5
2026-07-06 09:43:43,17,213tubo,1567.7
2026-07-06 09:43:43,18,Vadasz & Ascalon,1565.2
2026-07-06 09:43:43,19,Slawek Biel,1553.2
2026-07-06 09:43:43,20,Orbit Goblins,1546.8
2026-07-06 09:43:43,21,Sheeesh---,1536.9
2026-07-06 09:43:43,22,Scool,1528.3
2026-07-06 09:43:43,23,LuckyXC&me,1513.5
2026-07-06 09:43:43,24,Artem,1491.0
2026-07-06 09:43:43,25,Yuki Okumura,1486.5
2026-07-06 09:43:43,26,Alan C52,1485.5
2026-07-06 09:43:43,27,vkhydras,1484.7
2026-07-06 09:43:43,28,Tufaben,1479.5
2026-07-06 09:43:43,29,Gregor Lied,1467.4
2026-07-06 09:43:43,30,skalermo,1465.8
2026-07-06 09:43:43,31,jonathan breitgand,1463.7
2026-07-06 09:43:43,32,typeIIIfairy,1448.7
2026-07-06 09:43:43,33,Nebraskinator,1435.4
2026-07-06 09:43:43,34,CPMP,1431.6
2026-07-06 09:43:43,35,This waiting will kill me!,1426.4
2026-07-06 09:43:43,36,Roche Overflow,1416.1
2026-07-06 09:43:43,37,bowwowforeach,1408.4
2026-07-06 09:43:43,38,Controlvector,1397.5
2026-07-06 09:43:43,39,CPMP Fan,1388.4
2026-07-06 09:43:43,40,Luke Li,1386.3
2026-07-06 09:43:43,41,kosmostars @ pseudolabeling,1379.7
2026-07-06 09:43:43,42,Mendrika,1368.8
2026-07-06 09:43:43,43,ma name,1367.3
2026-07-06 09:43:43,44,Ebi,1358.4
2026-07-06 09:43:43,45,Dreame1,1353.2
2026-07-06 09:43:43,46,Harm Buisman,1348.1
2026-07-06 09:43:43,47,Mooegi,1335.2
2026-07-06 09:43:43,48,SR,1324.7
2026-07-06 09:43:43,49,unosss,1322.3
2026-07-06 09:43:43,50,CurveCowboy,1313.9
2026-07-06 09:50:28,1,Isaiah @ Tufa Labs,1828.9
2026-07-06 09:50:28,2,TonyK,1758.0
2026-07-06 09:50:28,3,Hober Malloc,1736.4
2026-07-06 09:50:28,4,Jake Will,1733.8
2026-07-06 09:50:28,5,flg,1706.2
2026-07-06 09:50:28,6,Felix M Neumann,1700.1
2026-07-06 09:50:28,7,Audun Ljone Henriksen,1687.7
2026-07-06 09:50:28,8,Ender,1675.5
2026-07-06 09:50:28,9,Boey,1655.3
2026-07-06 09:50:28,10,moriiiiiiiiim,1652.7
2026-07-06 09:50:28,11,One Man Wrecking Machine,1639.8
2026-07-06 09:50:28,12,Luca,1629.5
2026-07-06 09:50:28,13,M & J & M.ver2,1627.6
2026-07-06 09:50:28,14,Xiangyu Liu,1608.8
2026-07-06 09:50:28,15,dragon warrior,1608.6
2026-07-06 09:50:28,16,Azat Akhtyamov,1597.3
2026-07-06 09:50:28,17,Vadasz & Ascalon,1575.6
2026-07-06 09:50:28,18,213tubo,1563.3
2026-07-06 09:50:28,19,Orbit Goblins,1551.2
2026-07-06 09:50:28,20,Slawek Biel,1545.5
2026-07-06 09:50:28,21,Scool,1540.2
2026-07-06 09:50:28,22,Sheeesh---,1531.0
2026-07-06 09:50:28,23,LuckyXC&me,1517.9
2026-07-06 09:50:28,24,Artem,1494.8
2026-07-06 09:50:28,25,Yuki Okumura,1485.0
2026-07-06 09:50:28,26,vkhydras,1483.7
2026-07-06 09:50:28,27,Tufaben,1474.3
2026-07-06 09:50:28,28,Gregor Lied,1469.5
2026-07-06 09:50:28,29,skalermo,1467.6
2026-07-06 09:50:28,30,Alan C52,1466.7
2026-07-06 09:50:28,31,jonathan breitgand,1464.1
2026-07-06 09:50:28,32,typeIIIfairy,1447.9
2026-07-06 09:50:28,33,Nebraskinator,1433.9
2026-07-06 09:50:28,34,CPMP,1430.9
2026-07-06 09:50:28,35,This waiting will kill me!,1430.0
2026-07-06 09:50:28,36,Roche Overflow,1419.6
2026-07-06 09:50:28,37,bowwowforeach,1401.1
2026-07-06 09:50:28,38,Controlvector,1393.5
2026-07-06 09:50:28,39,Luke Li,1386.0
2026-07-06 09:50:28,40,CPMP Fan,1383.7
2026-07-06 09:50:28,41,Mendrika,1381.2
2026-07-06 09:50:28,42,Ebi,1366.1
2026-07-06 09:50:28,43,kosmostars @ pseudolabeling,1365.4
2026-07-06 09:50:28,44,ma name,1357.6
2026-07-06 09:50:28,45,Dreame1,1354.3
2026-07-06 09:50:28,46,Harm Buisman,1349.4
2026-07-06 09:50:28,47,Mooegi,1340.5
2026-07-06 09:50:28,48,SR,1330.3
2026-07-06 09:50:28,49,unosss,1322.0
2026-07-06 09:50:28,50,3Comets,1318.2
2026-07-06 09:51:45,1,Isaiah @ Tufa Labs,1828.9
2026-07-06 09:51:45,2,TonyK,1758.0
2026-07-06 09:51:45,3,Hober Malloc,1736.4
2026-07-06 09:51:45,4,Jake Will,1730.3
2026-07-06 09:51:45,5,flg,1710.7
2026-07-06 09:51:45,6,Felix M Neumann,1700.1
2026-07-06 09:51:45,7,Audun Ljone Henriksen,1687.7
2026-07-06 09:51:45,8,Ender,1675.5
2026-07-06 09:51:45,9,Boey,1659.7
2026-07-06 09:51:45,10,moriiiiiiiiim,1651.1
2026-07-06 09:51:45,11,One Man Wrecking Machine,1634.5
2026-07-06 09:51:45,12,Luca,1629.5
2026-07-06 09:51:45,13,M & J & M.ver2,1626.8
2026-07-06 09:51:45,14,Xiangyu Liu,1608.8
2026-07-06 09:51:45,15,dragon warrior,1608.6
2026-07-06 09:51:45,16,Azat Akhtyamov,1597.3
2026-07-06 09:51:45,17,Vadasz & Ascalon,1575.6
2026-07-06 09:51:45,18,213tubo,1561.6
2026-07-06 09:51:45,19,Orbit Goblins,1551.2
2026-07-06 09:51:45,20,Slawek Biel,1550.2
2026-07-06 09:51:45,21,Scool,1540.2
2026-07-06 09:51:45,22,Sheeesh---,1531.0
2026-07-06 09:51:45,23,LuckyXC&me,1517.9
2026-07-06 09:51:45,24,Artem,1494.8
2026-07-06 09:51:45,25,Yuki Okumura,1488.4
2026-07-06 09:51:45,26,vkhydras,1483.7
2026-07-06 09:51:45,27,Tufaben,1474.3
2026-07-06 09:51:45,28,Gregor Lied,1468.0
2026-07-06 09:51:45,29,skalermo,1466.2
2026-07-06 09:51:45,30,Alan C52,1462.5
2026-07-06 09:51:45,31,jonathan breitgand,1462.1
2026-07-06 09:51:45,32,typeIIIfairy,1446.2
2026-07-06 09:51:45,33,CPMP,1439.9
2026-07-06 09:51:45,34,Nebraskinator,1432.6
2026-07-06 09:51:45,35,This waiting will kill me!,1425.5
2026-07-06 09:51:45,36,Roche Overflow,1419.6
2026-07-06 09:51:45,37,bowwowforeach,1401.1
2026-07-06 09:51:45,38,Controlvector,1393.5
2026-07-06 09:51:45,39,Luke Li,1386.0
2026-07-06 09:51:45,40,CPMP Fan,1383.7
2026-07-06 09:51:45,41,Mendrika,1381.2
2026-07-06 09:51:45,42,Ebi,1369.8
2026-07-06 09:51:45,43,kosmostars @ pseudolabeling,1365.4
2026-07-06 09:51:45,44,ma name,1357.6
2026-07-06 09:51:45,45,Harm Buisman,1354.1
2026-07-06 09:51:45,46,Dreame1,1346.7
2026-07-06 09:51:45,47,Mooegi,1336.3
2026-07-06 09:51:45,48,SR,1330.3
2026-07-06 09:51:45,49,unosss,1322.0
2026-07-06 09:51:45,50,3Comets,1318.2
2026-07-06 13:50:36,1,Isaiah @ Tufa Labs,1802.2
2026-07-06 13:50:36,2,TonyK,1759.1
2026-07-06 13:50:36,3,Hober Malloc,1739.6
2026-07-06 13:50:36,4,Jake Will,1737.6
2026-07-06 13:50:36,5,Felix M Neumann,1728.6
2026-07-06 13:50:36,6,Audun Ljone Henriksen,1712.9
2026-07-06 13:50:36,7,Ender,1700.4
2026-07-06 13:50:36,8,flg,1692.0
2026-07-06 13:50:36,9,Xiangyu Liu,1660.8
2026-07-06 13:50:36,10,Boey,1658.9
2026-07-06 13:50:36,11,Luca,1627.1
2026-07-06 13:50:36,12,One Man Wrecking Machine,1616.2
2026-07-06 13:50:36,13,Azat Akhtyamov,1597.2
2026-07-06 13:50:36,14,moriiiiiiiiim,1597.1
2026-07-06 13:50:36,15,M & J & M.ver2,1588.6
2026-07-06 13:50:36,16,Vadasz & Ascalon,1578.7
2026-07-06 13:50:36,17,dragon warrior,1565.7
2026-07-06 13:50:36,18,Tufaben,1557.2
2026-07-06 13:50:36,19,Artem,1545.5
2026-07-06 13:50:36,20,Orbit Goblins,1545.4
2026-07-06 13:50:36,21,LuckyXC&me,1536.2
2026-07-06 13:50:36,22,213tubo,1529.0
2026-07-06 13:50:36,23,Sheeesh---,1528.3
2026-07-06 13:50:36,24,Yuki Okumura,1518.0
2026-07-06 13:50:36,25,Gregor Lied,1515.7
2026-07-06 13:50:36,26,Scool,1505.6
2026-07-06 13:50:36,27,Slawek Biel,1502.3
2026-07-06 13:50:36,28,Alan C52,1483.2
2026-07-06 13:50:36,29,jonathan breitgand,1472.0
2026-07-06 13:50:36,30,vkhydras,1469.8
2026-07-06 13:50:36,31,This waiting will kill me!,1460.3
2026-07-06 13:50:36,32,typeIIIfairy,1453.3
2026-07-06 13:50:36,33,Controlvector,1440.5
2026-07-06 13:50:36,34,skalermo,1431.9
2026-07-06 13:50:36,35,bowwowforeach,1417.0
2026-07-06 13:50:36,36,Nebraskinator,1409.1
2026-07-06 13:50:36,37,Mendrika,1403.1
2026-07-06 13:50:36,38,CPMP,1399.0
2026-07-06 13:50:36,39,CPMP Fan,1395.5
2026-07-06 13:50:36,40,Roche Overflow,1387.1
2026-07-06 13:50:36,41,Harm Buisman,1385.5
2026-07-06 13:50:36,42,kosmostars @ pseudolabeling,1379.1
2026-07-06 13:50:36,43,SR,1370.8
2026-07-06 13:50:36,44,ma name,1368.8
2026-07-06 13:50:36,45,unosss,1358.6
2026-07-06 13:50:36,46,Luke Li,1347.0
2026-07-06 13:50:36,47,Ebi,1342.5
2026-07-06 13:50:36,48,Dreame1,1335.8
2026-07-06 13:50:36,49,3Comets,1315.7
2026-07-06 13:50:36,50,XtraLearning,1314.0
2026-07-06 14:29:22,1,Isaiah @ Tufa Labs,1813.2
2026-07-06 14:29:22,2,TonyK,1765.0
2026-07-06 14:29:22,3,Jake Will,1747.1
2026-07-06 14:29:22,4,Hober Malloc,1745.9
2026-07-06 14:29:22,5,flg,1723.9
2026-07-06 14:29:22,6,Felix M Neumann,1710.0
2026-07-06 14:29:22,7,Audun Ljone Henriksen,1701.9
2026-07-06 14:29:22,8,Ender,1690.3
2026-07-06 14:29:22,9,Boey,1657.1
2026-07-06 14:29:22,10,Xiangyu Liu,1656.5
2026-07-06 14:29:22,11,Luca,1656.0
2026-07-06 14:29:22,12,One Man Wrecking Machine,1602.5
2026-07-06 14:29:22,13,M & J & M.ver2,1589.0
2026-07-06 14:29:22,14,Azat Akhtyamov,1586.5
2026-07-06 14:29:22,15,moriiiiiiiiim,1585.6
2026-07-06 14:29:22,16,Vadasz & Ascalon,1585.0
2026-07-06 14:29:22,17,dragon warrior,1572.9
2026-07-06 14:29:22,18,Orbit Goblins,1547.7
2026-07-06 14:29:22,19,LuckyXC&me,1544.4
2026-07-06 14:29:22,20,Artem,1534.4
2026-07-06 14:29:22,21,Tufaben,1530.3
2026-07-06 14:29:22,22,Sheeesh---,1528.7
2026-07-06 14:29:22,23,Yuki Okumura,1522.8
2026-07-06 14:29:22,24,213tubo,1518.0
2026-07-06 14:29:22,25,Scool,1511.1
2026-07-06 14:29:22,26,Gregor Lied,1500.9
2026-07-06 14:29:22,27,Slawek Biel,1484.9
2026-07-06 14:29:22,28,Alan C52,1474.3
2026-07-06 14:29:22,29,vkhydras,1474.0
2026-07-06 14:29:22,30,jonathan breitgand,1467.8
2026-07-06 14:29:22,31,This waiting will kill me!,1451.1
2026-07-06 14:29:22,32,typeIIIfairy,1450.4
2026-07-06 14:29:22,33,skalermo,1443.7
2026-07-06 14:29:22,34,bowwowforeach,1421.2
2026-07-06 14:29:22,35,Nebraskinator,1420.0
2026-07-06 14:29:22,36,Controlvector,1412.2
2026-07-06 14:29:22,37,Roche Overflow,1397.8
2026-07-06 14:29:22,38,CPMP Fan,1392.4
2026-07-06 14:29:22,39,kosmostars @ pseudolabeling,1387.9
2026-07-06 14:29:22,40,Mendrika,1386.7
2026-07-06 14:29:22,41,ma name,1380.9
2026-07-06 14:29:22,42,CPMP,1377.0
2026-07-06 14:29:22,43,Harm Buisman,1367.8
2026-07-06 14:29:22,44,unosss,1360.4
2026-07-06 14:29:22,45,Ebi,1358.0
2026-07-06 14:29:22,46,SR,1352.0
2026-07-06 14:29:22,47,Dreame1,1347.8
2026-07-06 14:29:22,48,Luke Li,1342.4
2026-07-06 14:29:22,49,Tim Krige,1320.6
2026-07-06 14:29:22,50,3Comets,1315.8
2026-07-06 14:44:25,1,Isaiah @ Tufa Labs,1819.0
2026-07-06 14:44:25,2,TonyK,1771.6
2026-07-06 14:44:25,3,Jake Will,1747.0
2026-07-06 14:44:25,4,Hober Malloc,1734.2
2026-07-06 14:44:25,5,flg,1719.3
2026-07-06 14:44:25,6,Audun Ljone Henriksen,1715.5
2026-07-06 14:44:25,7,Felix M Neumann,1700.1
2026-07-06 14:44:25,8,Ender,1676.5
2026-07-06 14:44:25,9,Boey,1670.4
2026-07-06 14:44:25,10,Luca,1649.2
2026-07-06 14:44:25,11,Xiangyu Liu,1649.2
2026-07-06 14:44:25,12,One Man Wrecking Machine,1601.5
2026-07-06 14:44:25,13,M & J & M.ver2,1599.7
2026-07-06 14:44:25,14,dragon warrior,1582.4
2026-07-06 14:44:25,15,moriiiiiiiiim,1580.7
2026-07-06 14:44:25,16,Vadasz & Ascalon,1577.7
2026-07-06 14:44:25,17,Azat Akhtyamov,1575.1
2026-07-06 14:44:25,18,Orbit Goblins,1543.8
2026-07-06 14:44:25,19,Artem,1535.2
2026-07-06 14:44:25,20,LuckyXC&me,1533.3
2026-07-06 14:44:25,21,Tufaben,1529.3
2026-07-06 14:44:25,22,Yuki Okumura,1527.0
2026-07-06 14:44:25,23,Scool,1525.5
2026-07-06 14:44:25,24,213tubo,1521.9
2026-07-06 14:44:25,25,Sheeesh---,1512.1
2026-07-06 14:44:25,26,Slawek Biel,1503.0
2026-07-06 14:44:25,27,Gregor Lied,1487.2
2026-07-06 14:44:25,28,jonathan breitgand,1474.2
2026-07-06 14:44:25,29,Alan C52,1470.8
2026-07-06 14:44:25,30,vkhydras,1468.0
2026-07-06 14:44:25,31,This waiting will kill me!,1463.9
2026-07-06 14:44:25,32,skalermo,1453.5
2026-07-06 14:44:25,33,typeIIIfairy,1447.9
2026-07-06 14:44:25,34,Nebraskinator,1439.2
2026-07-06 14:44:25,35,bowwowforeach,1428.8
2026-07-06 14:44:25,36,Roche Overflow,1418.6
2026-07-06 14:44:25,37,Controlvector,1410.4
2026-07-06 14:44:25,38,kosmostars @ pseudolabeling,1406.3
2026-07-06 14:44:25,39,CPMP Fan,1396.5
2026-07-06 14:44:25,40,Harm Buisman,1378.3
2026-07-06 14:44:25,41,Dreame1,1369.2
2026-07-06 14:44:25,42,CPMP,1369.2
2026-07-06 14:44:25,43,Mendrika,1366.1
2026-07-06 14:44:25,44,ma name,1362.9
2026-07-06 14:44:25,45,Luke Li,1358.7
2026-07-06 14:44:25,46,Ebi,1352.8
2026-07-06 14:44:25,47,SR,1339.2
2026-07-06 14:44:25,48,unosss,1336.8
2026-07-06 14:44:25,49,Tim Krige,1335.9
2026-07-06 14:44:25,50,Mooegi,1329.4
2026-07-06 14:59:28,1,Isaiah @ Tufa Labs,1803.3
2026-07-06 14:59:28,2,TonyK,1775.7
2026-07-06 14:59:28,3,Hober Malloc,1738.4
2026-07-06 14:59:28,4,Jake Will,1732.4
2026-07-06 14:59:28,5,flg,1721.5
2026-07-06 14:59:28,6,Audun Ljone Henriksen,1721.4
2026-07-06 14:59:28,7,Felix M Neumann,1719.8
2026-07-06 14:59:28,8,Ender,1675.2
2026-07-06 14:59:28,9,Boey,1660.7
2026-07-06 14:59:28,10,Luca,1648.9
2026-07-06 14:59:28,11,Xiangyu Liu,1644.3
2026-07-06 14:59:28,12,One Man Wrecking Machine,1608.2
2026-07-06 14:59:28,13,M & J & M.ver2,1596.5
2026-07-06 14:59:28,14,dragon warrior,1594.5
2026-07-06 14:59:28,15,moriiiiiiiiim,1586.6
2026-07-06 14:59:28,16,Azat Akhtyamov,1571.4
2026-07-06 14:59:28,17,Vadasz & Ascalon,1570.8
2026-07-06 14:59:28,18,LuckyXC&me,1538.9
2026-07-06 14:59:28,19,Orbit Goblins,1538.1
2026-07-06 14:59:28,20,Yuki Okumura,1532.9
2026-07-06 14:59:28,21,Tufaben,1530.8
2026-07-06 14:59:28,22,Artem,1526.1
2026-07-06 14:59:28,23,213tubo,1520.5
2026-07-06 14:59:28,24,Sheeesh---,1520.1
2026-07-06 14:59:28,25,Scool,1506.9
2026-07-06 14:59:28,26,Slawek Biel,1501.7
2026-07-06 14:59:28,27,Alan C52,1484.3
2026-07-06 14:59:28,28,Gregor Lied,1482.4
2026-07-06 14:59:28,29,jonathan breitgand,1480.0
2026-07-06 14:59:28,30,skalermo,1464.3
2026-07-06 14:59:28,31,vkhydras,1462.5
2026-07-06 14:59:28,32,This waiting will kill me!,1453.4
2026-07-06 14:59:28,33,typeIIIfairy,1441.9
2026-07-06 14:59:28,34,Nebraskinator,1438.3
2026-07-06 14:59:28,35,Roche Overflow,1427.7
2026-07-06 14:59:28,36,kosmostars @ pseudolabeling,1413.7
2026-07-06 14:59:28,37,bowwowforeach,1410.9
2026-07-06 14:59:28,38,Controlvector,1402.5
2026-07-06 14:59:28,39,CPMP Fan,1397.1
2026-07-06 14:59:28,40,Harm Buisman,1389.5
2026-07-06 14:59:28,41,Dreame1,1380.1
2026-07-06 14:59:28,42,Luke Li,1372.1
2026-07-06 14:59:28,43,CPMP,1372.0
2026-07-06 14:59:28,44,ma name,1363.3
2026-07-06 14:59:28,45,Mendrika,1358.1
2026-07-06 14:59:28,46,Ebi,1353.9
2026-07-06 14:59:28,47,SR,1339.4
2026-07-06 14:59:28,48,unosss,1335.8
2026-07-06 14:59:28,49,Mooegi,1330.2
2026-07-06 14:59:28,50,saharan,1327.0
2026-07-06 15:14:30,1,Isaiah @ Tufa Labs,1814.0
2026-07-06 15:14:30,2,TonyK,1770.1
2026-07-06 15:14:30,3,Hober Malloc,1734.3
2026-07-06 15:14:30,4,Jake Will,1728.4
2026-07-06 15:14:30,5,Felix M Neumann,1715.4
2026-07-06 15:14:30,6,Audun Ljone Henriksen,1711.4
2026-07-06 15:14:30,7,flg,1706.8
2026-07-06 15:14:30,8,Ender,1685.0
2026-07-06 15:14:30,9,Boey,1656.3
2026-07-06 15:14:30,10,Luca,1654.4
2026-07-06 15:14:30,11,Xiangyu Liu,1649.9
2026-07-06 15:14:30,12,One Man Wrecking Machine,1607.6
2026-07-06 15:14:30,13,M & J & M.ver2,1602.6
2026-07-06 15:14:30,14,dragon warrior,1594.7
2026-07-06 15:14:30,15,moriiiiiiiiim,1593.7
2026-07-06 15:14:30,16,Vadasz & Ascalon,1562.4
2026-07-06 15:14:30,17,Azat Akhtyamov,1562.1
2026-07-06 15:14:30,18,Orbit Goblins,1546.3
2026-07-06 15:14:30,19,LuckyXC&me,1536.0
2026-07-06 15:14:30,20,Sheeesh---,1534.5
2026-07-06 15:14:30,21,Tufaben,1522.4
2026-07-06 15:14:30,22,Yuki Okumura,1516.5
2026-07-06 15:14:30,23,Slawek Biel,1514.5
2026-07-06 15:14:30,24,Scool,1514.2
2026-07-06 15:14:30,25,Artem,1510.8
2026-07-06 15:14:30,26,Gregor Lied,1508.4
2026-07-06 15:14:30,27,213tubo,1497.0
2026-07-06 15:14:30,28,jonathan breitgand,1483.9
2026-07-06 15:14:30,29,This waiting will kill me!,1481.4
2026-07-06 15:14:30,30,Alan C52,1471.8
2026-07-06 15:14:30,31,skalermo,1451.3
2026-07-06 15:14:30,32,vkhydras,1450.8
2026-07-06 15:14:30,33,typeIIIfairy,1442.6
2026-07-06 15:14:30,34,Nebraskinator,1433.9
2026-07-06 15:14:30,35,Controlvector,1419.9
2026-07-06 15:14:30,36,Roche Overflow,1419.4
2026-07-06 15:14:30,37,bowwowforeach,1413.3
2026-07-06 15:14:30,38,kosmostars @ pseudolabeling,1412.4
2026-07-06 15:14:30,39,CPMP Fan,1391.7
2026-07-06 15:14:30,40,CPMP,1384.4
2026-07-06 15:14:30,41,Harm Buisman,1378.1
2026-07-06 15:14:30,42,Dreame1,1376.1
2026-07-06 15:14:30,43,Luke Li,1374.3
2026-07-06 15:14:30,44,ma name,1354.8
2026-07-06 15:14:30,45,Mendrika,1347.7
2026-07-06 15:14:30,46,unosss,1345.8
2026-07-06 15:14:30,47,Ebi,1344.3
2026-07-06 15:14:30,48,SR,1342.5
2026-07-06 15:14:30,49,3Comets,1325.4
2026-07-06 15:14:30,50,saharan,1323.8
2026-07-06 15:29:33,1,Isaiah @ Tufa Labs,1807.5
2026-07-06 15:29:33,2,TonyK,1785.1
2026-07-06 15:29:33,3,Hober Malloc,1739.9
2026-07-06 15:29:33,4,Jake Will,1727.0
2026-07-06 15:29:33,5,Audun Ljone Henriksen,1707.5
2026-07-06 15:29:33,6,flg,1706.4
2026-07-06 15:29:33,7,Felix M Neumann,1704.5
2026-07-06 15:29:33,8,Ender,1684.6
2026-07-06 15:29:33,9,Luca,1663.9
2026-07-06 15:29:33,10,Xiangyu Liu,1655.1
2026-07-06 15:29:33,11,Boey,1651.5
2026-07-06 15:29:33,12,One Man Wrecking Machine,1606.4
2026-07-06 15:29:33,13,M & J & M.ver2,1600.4
2026-07-06 15:29:33,14,moriiiiiiiiim,1596.1
2026-07-06 15:29:33,15,dragon warrior,1593.9
2026-07-06 15:29:33,16,Vadasz & Ascalon,1570.5
2026-07-06 15:29:33,17,Azat Akhtyamov,1556.8
2026-07-06 15:29:33,18,LuckyXC&me,1555.2
2026-07-06 15:29:33,19,Orbit Goblins,1546.9
2026-07-06 15:29:33,20,Sheeesh---,1535.9
2026-07-06 15:29:33,21,213tubo,1516.6
2026-07-06 15:29:33,22,Slawek Biel,1514.6
2026-07-06 15:29:33,23,Yuki Okumura,1509.5
2026-07-06 15:29:33,24,Tufaben,1509.0
2026-07-06 15:29:33,25,Artem,1505.8
2026-07-06 15:29:33,26,Gregor Lied,1504.7
2026-07-06 15:29:33,27,Scool,1504.4
2026-07-06 15:29:33,28,This waiting will kill me!,1497.3
2026-07-06 15:29:33,29,jonathan breitgand,1480.8
2026-07-06 15:29:33,30,Alan C52,1476.7
2026-07-06 15:29:33,31,skalermo,1456.4
2026-07-06 15:29:33,32,vkhydras,1455.3
2026-07-06 15:29:33,33,Nebraskinator,1449.2
2026-07-06 15:29:33,34,typeIIIfairy,1448.4
2026-07-06 15:29:33,35,Controlvector,1426.8
2026-07-06 15:29:33,36,kosmostars @ pseudolabeling,1412.4
2026-07-06 15:29:33,37,bowwowforeach,1411.2
2026-07-06 15:29:33,38,Roche Overflow,1398.4
2026-07-06 15:29:33,39,CPMP,1392.9
2026-07-06 15:29:33,40,CPMP Fan,1382.5
2026-07-06 15:29:33,41,Dreame1,1378.4
2026-07-06 15:29:33,42,Harm Buisman,1373.0
2026-07-06 15:29:33,43,ma name,1372.2
2026-07-06 15:29:33,44,Luke Li,1371.0
2026-07-06 15:29:33,45,Mendrika,1351.9
2026-07-06 15:29:33,46,Ebi,1350.8
2026-07-06 15:29:33,47,3Comets,1337.6
2026-07-06 15:29:33,48,unosss,1332.3
2026-07-06 15:29:33,49,Tim Krige,1330.8
2026-07-06 15:29:33,50,SR,1325.5
2026-07-06 15:44:35,1,Isaiah @ Tufa Labs,1802.3
2026-07-06 15:44:35,2,TonyK,1769.7
2026-07-06 15:44:35,3,Hober Malloc,1738.6
2026-07-06 15:44:35,4,Audun Ljone Henriksen,1734.7
2026-07-06 15:44:35,5,Jake Will,1723.1
2026-07-06 15:44:35,6,flg,1711.7
2026-07-06 15:44:35,7,Felix M Neumann,1711.2
2026-07-06 15:44:35,8,Ender,1684.5
2026-07-06 15:44:35,9,Boey,1663.2
2026-07-06 15:44:35,10,Luca,1662.7
2026-07-06 15:44:35,11,Xiangyu Liu,1645.8
2026-07-06 15:44:35,12,M & J & M.ver2,1618.5
2026-07-06 15:44:35,13,moriiiiiiiiim,1608.6
2026-07-06 15:44:35,14,One Man Wrecking Machine,1592.6
2026-07-06 15:44:35,15,Vadasz & Ascalon,1582.0
2026-07-06 15:44:35,16,Azat Akhtyamov,1572.3
2026-07-06 15:44:35,17,dragon warrior,1571.8
2026-07-06 15:44:35,18,Orbit Goblins,1553.5
2026-07-06 15:44:35,19,Slawek Biel,1545.5
2026-07-06 15:44:35,20,Sheeesh---,1542.2
2026-07-06 15:44:35,21,LuckyXC&me,1536.3
2026-07-06 15:44:35,22,Yuki Okumura,1522.2
2026-07-06 15:44:35,23,Artem,1515.7
2026-07-06 15:44:35,24,This waiting will kill me!,1511.1
2026-07-06 15:44:35,25,213tubo,1501.6
2026-07-06 15:44:35,26,Tufaben,1500.0
2026-07-06 15:44:35,27,Scool,1490.5
2026-07-06 15:44:35,28,Gregor Lied,1480.1
2026-07-06 15:44:35,29,skalermo,1471.0
2026-07-06 15:44:35,30,Alan C52,1468.7
2026-07-06 15:44:35,31,typeIIIfairy,1464.7
2026-07-06 15:44:35,32,jonathan breitgand,1461.2
2026-07-06 15:44:35,33,Nebraskinator,1455.4
2026-07-06 15:44:35,34,vkhydras,1443.2
2026-07-06 15:44:35,35,Controlvector,1426.3
2026-07-06 15:44:35,36,Roche Overflow,1409.9
2026-07-06 15:44:35,37,bowwowforeach,1404.1
2026-07-06 15:44:35,38,kosmostars @ pseudolabeling,1399.9
2026-07-06 15:44:35,39,Dreame1,1391.4
2026-07-06 15:44:35,40,Luke Li,1385.7
2026-07-06 15:44:35,41,CPMP Fan,1381.0
2026-07-06 15:44:35,42,Harm Buisman,1379.9
2026-07-06 15:44:35,43,CPMP,1375.2
2026-07-06 15:44:35,44,ma name,1372.0
2026-07-06 15:44:35,45,Mendrika,1355.6
2026-07-06 15:44:35,46,Ebi,1355.1
2026-07-06 15:44:35,47,unosss,1335.6
2026-07-06 15:44:35,48,Tim Krige,1314.8
2026-07-06 15:44:35,49,3Comets,1313.6
2026-07-06 15:44:35,50,saharan,1312.1
2026-07-06 15:59:38,1,Isaiah @ Tufa Labs,1813.7
2026-07-06 15:59:38,2,TonyK,1753.9
2026-07-06 15:59:38,3,Felix M Neumann,1751.4
2026-07-06 15:59:38,4,Jake Will,1749.1
2026-07-06 15:59:38,5,flg,1717.0
2026-07-06 15:59:38,6,Audun Ljone Henriksen,1712.5
2026-07-06 15:59:38,7,Ender,1707.1
2026-07-06 15:59:38,8,Hober Malloc,1703.3
2026-07-06 15:59:38,9,Boey,1656.7
2026-07-06 15:59:38,10,Luca,1642.3
2026-07-06 15:59:38,11,Xiangyu Liu,1632.1
2026-07-06 15:59:38,12,M & J & M.ver2,1625.0
2026-07-06 15:59:38,13,moriiiiiiiiim,1598.4
2026-07-06 15:59:38,14,One Man Wrecking Machine,1592.5
2026-07-06 15:59:38,15,Vadasz & Ascalon,1589.4
2026-07-06 15:59:38,16,dragon warrior,1572.9
2026-07-06 15:59:38,17,Azat Akhtyamov,1569.6
2026-07-06 15:59:38,18,Orbit Goblins,1560.1
2026-07-06 15:59:38,19,Sheeesh---,1552.4
2026-07-06 15:59:38,20,Slawek Biel,1546.7
2026-07-06 15:59:38,21,Yuki Okumura,1538.8
2026-07-06 15:59:38,22,LuckyXC&me,1523.6
2026-07-06 15:59:38,23,213tubo,1513.2
2026-07-06 15:59:38,24,This waiting will kill me!,1503.4
2026-07-06 15:59:38,25,Tufaben,1498.2
2026-07-06 15:59:38,26,Scool,1493.4
2026-07-06 15:59:38,27,Artem,1489.4
2026-07-06 15:59:38,28,Gregor Lied,1486.9
2026-07-06 15:59:38,29,Alan C52,1482.5
2026-07-06 15:59:38,30,jonathan breitgand,1473.8
2026-07-06 15:59:38,31,skalermo,1464.9
2026-07-06 15:59:38,32,vkhydras,1453.8
2026-07-06 15:59:38,33,typeIIIfairy,1437.6
2026-07-06 15:59:38,34,Nebraskinator,1419.6
2026-07-06 15:59:38,35,Roche Overflow,1418.4
2026-07-06 15:59:38,36,bowwowforeach,1416.7
2026-07-06 15:59:38,37,Controlvector,1415.9
2026-07-06 15:59:38,38,kosmostars @ pseudolabeling,1410.4
2026-07-06 15:59:38,39,CPMP Fan,1385.3
2026-07-06 15:59:38,40,Luke Li,1381.1
2026-07-06 15:59:38,41,ma name,1379.8
2026-07-06 15:59:38,42,Ebi,1371.5
2026-07-06 15:59:38,43,Harm Buisman,1370.4
2026-07-06 15:59:38,44,Dreame1,1369.3
2026-07-06 15:59:38,45,CPMP,1360.6
2026-07-06 15:59:38,46,Mendrika,1353.5
2026-07-06 15:59:38,47,unosss,1336.4
2026-07-06 15:59:38,48,Tim Krige,1316.3
2026-07-06 15:59:38,49,3Comets,1315.4
2026-07-06 15:59:38,50,XtraLearning,1312.1
2026-07-06 16:14:41,1,Isaiah @ Tufa Labs,1812.5
2026-07-06 16:14:41,2,TonyK,1763.1
2026-07-06 16:14:41,3,Felix M Neumann,1751.8
2026-07-06 16:14:41,4,Jake Will,1751.1
2026-07-06 16:14:41,5,flg,1721.9
2026-07-06 16:14:41,6,Audun Ljone Henriksen,1712.3
2026-07-06 16:14:41,7,Hober Malloc,1704.6
2026-07-06 16:14:41,8,Ender,1679.7
2026-07-06 16:14:41,9,Boey,1660.1
2026-07-06 16:14:41,10,Xiangyu Liu,1639.0
2026-07-06 16:14:41,11,Luca,1634.5
2026-07-06 16:14:41,12,M & J & M.ver2,1616.7
2026-07-06 16:14:41,13,moriiiiiiiiim,1599.0
2026-07-06 16:14:41,14,Vadasz & Ascalon,1586.0
2026-07-06 16:14:41,15,dragon warrior,1579.9
2026-07-06 16:14:41,16,One Man Wrecking Machine,1574.9
2026-07-06 16:14:41,17,Orbit Goblins,1570.1
2026-07-06 16:14:41,18,Azat Akhtyamov,1567.4
2026-07-06 16:14:41,19,Sheeesh---,1543.6
2026-07-06 16:14:41,20,Slawek Biel,1532.0
2026-07-06 16:14:41,21,LuckyXC&me,1520.1
2026-07-06 16:14:41,22,213tubo,1514.4
2026-07-06 16:14:41,23,Yuki Okumura,1509.7
2026-07-06 16:14:41,24,Tufaben,1508.2
2026-07-06 16:14:41,25,Scool,1503.6
2026-07-06 16:14:41,26,Artem,1491.0
2026-07-06 16:14:41,27,Gregor Lied,1484.3
2026-07-06 16:14:41,28,Alan C52,1482.6
2026-07-06 16:14:41,29,This waiting will kill me!,1479.4
2026-07-06 16:14:41,30,jonathan breitgand,1472.9
2026-07-06 16:14:41,31,skalermo,1461.6
2026-07-06 16:14:41,32,typeIIIfairy,1445.1
2026-07-06 16:14:41,33,vkhydras,1439.2
2026-07-06 16:14:41,34,Nebraskinator,1433.3
2026-07-06 16:14:41,35,kosmostars @ pseudolabeling,1418.0
2026-07-06 16:14:41,36,bowwowforeach,1412.0
2026-07-06 16:14:41,37,CPMP Fan,1404.1
2026-07-06 16:14:41,38,Controlvector,1403.1
2026-07-06 16:14:41,39,Roche Overflow,1398.4
2026-07-06 16:14:41,40,Ebi,1383.1
2026-07-06 16:14:41,41,Luke Li,1376.0
2026-07-06 16:14:41,42,CPMP,1374.1
2026-07-06 16:14:41,43,ma name,1373.6
2026-07-06 16:14:41,44,Harm Buisman,1372.8
2026-07-06 16:14:41,45,Dreame1,1367.7
2026-07-06 16:14:41,46,unosss,1339.7
2026-07-06 16:14:41,47,Mendrika,1336.6
2026-07-06 16:14:41,48,3Comets,1326.7
2026-07-06 16:14:41,49,Mooegi,1320.2
2026-07-06 16:14:41,50,SR,1315.4
2026-07-06 16:29:43,1,Isaiah @ Tufa Labs,1829.5
2026-07-06 16:29:43,2,Jake Will,1756.4
2026-07-06 16:29:43,3,Felix M Neumann,1744.8
2026-07-06 16:29:43,4,TonyK,1742.2
2026-07-06 16:29:43,5,Hober Malloc,1723.6
2026-07-06 16:29:43,6,flg,1702.4
2026-07-06 16:29:43,7,Audun Ljone Henriksen,1702.2
2026-07-06 16:29:43,8,Ender,1677.1
2026-07-06 16:29:43,9,Boey,1662.7
2026-07-06 16:29:43,10,Xiangyu Liu,1642.9
2026-07-06 16:29:43,11,Luca,1642.8
2026-07-06 16:29:43,12,M & J & M.ver2,1631.3
2026-07-06 16:29:43,13,moriiiiiiiiim,1602.3
2026-07-06 16:29:43,14,Azat Akhtyamov,1575.1
2026-07-06 16:29:43,15,Vadasz & Ascalon,1574.6
2026-07-06 16:29:43,16,One Man Wrecking Machine,1572.1
2026-07-06 16:29:43,17,Orbit Goblins,1570.3
2026-07-06 16:29:43,18,dragon warrior,1557.2
2026-07-06 16:29:43,19,Sheeesh---,1535.8
2026-07-06 16:29:43,20,LuckyXC&me,1531.9
2026-07-06 16:29:43,21,Slawek Biel,1526.0
2026-07-06 16:29:43,22,213tubo,1511.4
2026-07-06 16:29:43,23,Yuki Okumura,1503.1
2026-07-06 16:29:43,24,Artem,1494.7
2026-07-06 16:29:43,25,Scool,1491.8
2026-07-06 16:29:43,26,Gregor Lied,1487.6
2026-07-06 16:29:43,27,Tufaben,1487.6
2026-07-06 16:29:43,28,Alan C52,1487.3
2026-07-06 16:29:43,29,This waiting will kill me!,1478.1
2026-07-06 16:29:43,30,jonathan breitgand,1476.7
2026-07-06 16:29:43,31,skalermo,1472.6
2026-07-06 16:29:43,32,vkhydras,1450.0
2026-07-06 16:29:43,33,typeIIIfairy,1442.0
2026-07-06 16:29:43,34,kosmostars @ pseudolabeling,1436.3
2026-07-06 16:29:43,35,Nebraskinator,1426.4
2026-07-06 16:29:43,36,bowwowforeach,1409.6
2026-07-06 16:29:43,37,Ebi,1407.3
2026-07-06 16:29:43,38,CPMP Fan,1398.0
2026-07-06 16:29:43,39,Controlvector,1391.4
2026-07-06 16:29:43,40,CPMP,1389.6
2026-07-06 16:29:43,41,Roche Overflow,1383.5
2026-07-06 16:29:43,42,ma name,1372.6
2026-07-06 16:29:43,43,Luke Li,1371.6
2026-07-06 16:29:43,44,Mendrika,1362.1
2026-07-06 16:29:43,45,unosss,1356.1
2026-07-06 16:29:43,46,Dreame1,1353.2
2026-07-06 16:29:43,47,Harm Buisman,1343.5
2026-07-06 16:29:43,48,3Comets,1328.7
2026-07-06 16:29:43,49,Tim Krige,1319.7
2026-07-06 16:29:43,50,CurveCowboy,1317.2
2026-07-06 16:44:46,1,Isaiah @ Tufa Labs,1829.2
2026-07-06 16:44:46,2,Jake Will,1770.4
2026-07-06 16:44:46,3,Felix M Neumann,1747.6
2026-07-06 16:44:46,4,TonyK,1733.8
2026-07-06 16:44:46,5,Hober Malloc,1729.8
2026-07-06 16:44:46,6,Audun Ljone Henriksen,1692.0
2026-07-06 16:44:46,7,Ender,1687.0
2026-07-06 16:44:46,8,flg,1684.7
2026-07-06 16:44:46,9,Boey,1652.5
2026-07-06 16:44:46,10,Xiangyu Liu,1645.8
2026-07-06 16:44:46,11,Luca,1645.6
2026-07-06 16:44:46,12,M & J & M.ver2,1621.5
2026-07-06 16:44:46,13,moriiiiiiiiim,1611.3
2026-07-06 16:44:46,14,Vadasz & Ascalon,1584.1
2026-07-06 16:44:46,15,Azat Akhtyamov,1569.0
2026-07-06 16:44:46,16,dragon warrior,1567.3
2026-07-06 16:44:46,17,One Man Wrecking Machine,1564.3
2026-07-06 16:44:46,18,Orbit Goblins,1560.6
2026-07-06 16:44:46,19,Slawek Biel,1548.8
2026-07-06 16:44:46,20,Sheeesh---,1531.7
2026-07-06 16:44:46,21,LuckyXC&me,1526.0
2026-07-06 16:44:46,22,213tubo,1512.0
2026-07-06 16:44:46,23,Gregor Lied,1505.6
2026-07-06 16:44:46,24,Yuki Okumura,1503.6
2026-07-06 16:44:46,25,Scool,1500.7
2026-07-06 16:44:46,26,Artem,1488.8
2026-07-06 16:44:46,27,skalermo,1484.9
2026-07-06 16:44:46,28,Tufaben,1476.5
2026-07-06 16:44:46,29,jonathan breitgand,1463.9
2026-07-06 16:44:46,30,Alan C52,1462.5
2026-07-06 16:44:46,31,This waiting will kill me!,1461.7
2026-07-06 16:44:46,32,vkhydras,1453.3
2026-07-06 16:44:46,33,typeIIIfairy,1450.9
2026-07-06 16:44:46,34,Nebraskinator,1433.7
2026-07-06 16:44:46,35,kosmostars @ pseudolabeling,1432.7
2026-07-06 16:44:46,36,Ebi,1417.0
2026-07-06 16:44:46,37,bowwowforeach,1412.0
2026-07-06 16:44:46,38,Controlvector,1392.4
2026-07-06 16:44:46,39,CPMP Fan,1391.5
2026-07-06 16:44:46,40,CPMP,1390.3
2026-07-06 16:44:46,41,Roche Overflow,1388.2
2026-07-06 16:44:46,42,Luke Li,1374.3
2026-07-06 16:44:46,43,ma name,1370.4
2026-07-06 16:44:46,44,Dreame1,1358.7
2026-07-06 16:44:46,45,Mendrika,1354.8
2026-07-06 16:44:46,46,unosss,1344.2
2026-07-06 16:44:46,47,Harm Buisman,1333.3
2026-07-06 16:44:46,48,CurveCowboy,1330.5
2026-07-06 16:44:46,49,3Comets,1327.4
2026-07-06 16:44:46,50,Tim Krige,1324.8
2026-07-06 16:59:48,1,Isaiah @ Tufa Labs,1834.9
2026-07-06 16:59:48,2,Jake Will,1758.3
2026-07-06 16:59:48,3,Felix M Neumann,1747.3
2026-07-06 16:59:48,4,TonyK,1725.7
2026-07-06 16:59:48,5,Hober Malloc,1722.0
2026-07-06 16:59:48,6,Audun Ljone Henriksen,1709.6
2026-07-06 16:59:48,7,flg,1698.3
2026-07-06 16:59:48,8,Ender,1695.5
2026-07-06 16:59:48,9,Boey,1652.3
2026-07-06 16:59:48,10,Xiangyu Liu,1647.5
2026-07-06 16:59:48,11,Luca,1642.1
2026-07-06 16:59:48,12,M & J & M.ver2,1613.8
2026-07-06 16:59:48,13,moriiiiiiiiim,1607.3
2026-07-06 16:59:48,14,Vadasz & Ascalon,1595.3
2026-07-06 16:59:48,15,Azat Akhtyamov,1571.2
2026-07-06 16:59:48,16,One Man Wrecking Machine,1569.0
2026-07-06 16:59:48,17,Orbit Goblins,1561.7
2026-07-06 16:59:48,18,dragon warrior,1555.1
2026-07-06 16:59:48,19,Slawek Biel,1540.8
2026-07-06 16:59:48,20,Sheeesh---,1530.1
2026-07-06 16:59:48,21,LuckyXC&me,1518.0
2026-07-06 16:59:48,22,213tubo,1517.4
2026-07-06 16:59:48,23,Gregor Lied,1514.4
2026-07-06 16:59:48,24,skalermo,1501.2
2026-07-06 16:59:48,25,Scool,1501.0
2026-07-06 16:59:48,26,Artem,1497.4
2026-07-06 16:59:48,27,Yuki Okumura,1497.3
2026-07-06 16:59:48,28,Tufaben,1480.9
2026-07-06 16:59:48,29,jonathan breitgand,1472.9
2026-07-06 16:59:48,30,Alan C52,1467.3
2026-07-06 16:59:48,31,This waiting will kill me!,1459.4
2026-07-06 16:59:48,32,typeIIIfairy,1453.9
2026-07-06 16:59:48,33,vkhydras,1452.8
2026-07-06 16:59:48,34,kosmostars @ pseudolabeling,1437.5
2026-07-06 16:59:48,35,Ebi,1436.4
2026-07-06 16:59:48,36,bowwowforeach,1429.0
2026-07-06 16:59:48,37,Nebraskinator,1419.4
2026-07-06 16:59:48,38,CPMP Fan,1401.9
2026-07-06 16:59:48,39,Controlvector,1389.3
2026-07-06 16:59:48,40,Roche Overflow,1387.5
2026-07-06 16:59:48,41,Mendrika,1380.2
2026-07-06 16:59:48,42,CPMP,1379.6
2026-07-06 16:59:48,43,ma name,1364.5
2026-07-06 16:59:48,44,Dreame1,1363.1
2026-07-06 16:59:48,45,Luke Li,1348.1
2026-07-06 16:59:48,46,unosss,1336.9
2026-07-06 16:59:48,47,3Comets,1336.4
2026-07-06 16:59:48,48,CurveCowboy,1326.8
2026-07-06 16:59:48,49,Mooegi,1324.1
2026-07-06 16:59:48,50,SR,1315.9
2026-07-06 17:14:51,1,Isaiah @ Tufa Labs,1837.2
2026-07-06 17:14:51,2,Jake Will,1753.5
2026-07-06 17:14:51,3,TonyK,1748.6
2026-07-06 17:14:51,4,Felix M Neumann,1747.3
2026-07-06 17:14:51,5,Hober Malloc,1728.8
2026-07-06 17:14:51,6,Audun Ljone Henriksen,1707.5
2026-07-06 17:14:51,7,flg,1704.6
2026-07-06 17:14:51,8,Ender,1680.6
2026-07-06 17:14:51,9,Xiangyu Liu,1648.4
2026-07-06 17:14:51,10,Luca,1645.6
2026-07-06 17:14:51,11,Boey,1633.0
2026-07-06 17:14:51,12,M & J & M.ver2,1622.3
2026-07-06 17:14:51,13,moriiiiiiiiim,1612.9
2026-07-06 17:14:51,14,One Man Wrecking Machine,1603.1
2026-07-06 17:14:51,15,Vadasz & Ascalon,1589.8
2026-07-06 17:14:51,16,Azat Akhtyamov,1587.8
2026-07-06 17:14:51,17,Orbit Goblins,1559.8
2026-07-06 17:14:51,18,dragon warrior,1552.5
2026-07-06 17:14:51,19,Slawek Biel,1541.0
2026-07-06 17:14:51,20,Sheeesh---,1529.9
2026-07-06 17:14:51,21,LuckyXC&me,1525.2
2026-07-06 17:14:51,22,213tubo,1517.1
2026-07-06 17:14:51,23,Gregor Lied,1516.6
2026-07-06 17:14:51,24,Yuki Okumura,1507.8
2026-07-06 17:14:51,25,Scool,1502.1
2026-07-06 17:14:51,26,skalermo,1496.8
2026-07-06 17:14:51,27,Artem,1493.3
2026-07-06 17:14:51,28,Tufaben,1482.6
2026-07-06 17:14:51,29,jonathan breitgand,1473.8
2026-07-06 17:14:51,30,Alan C52,1471.8
2026-07-06 17:14:51,31,This waiting will kill me!,1460.6
2026-07-06 17:14:51,32,vkhydras,1455.6
2026-07-06 17:14:51,33,typeIIIfairy,1451.0
2026-07-06 17:14:51,34,Ebi,1435.7
2026-07-06 17:14:51,35,kosmostars @ pseudolabeling,1434.5
2026-07-06 17:14:51,36,Nebraskinator,1427.2
2026-07-06 17:14:51,37,bowwowforeach,1422.2
2026-07-06 17:14:51,38,CPMP Fan,1401.4
2026-07-06 17:14:51,39,Controlvector,1386.4
2026-07-06 17:14:51,40,CPMP,1381.1
2026-07-06 17:14:51,41,Mendrika,1379.4
2026-07-06 17:14:51,42,Roche Overflow,1373.2
2026-07-06 17:14:51,43,Dreame1,1371.6
2026-07-06 17:14:51,44,Luke Li,1354.6
2026-07-06 17:14:51,45,ma name,1351.4
2026-07-06 17:14:51,46,3Comets,1350.9
2026-07-06 17:14:51,47,unosss,1328.2
2026-07-06 17:14:51,48,Mooegi,1321.9
2026-07-06 17:14:51,49,Harm Buisman,1318.4
2026-07-06 17:14:51,50,saharan,1317.2
2026-07-06 17:29:54,1,Isaiah @ Tufa Labs,1835.5
2026-07-06 17:29:54,2,Jake Will,1753.3
2026-07-06 17:29:54,3,Felix M Neumann,1752.7
2026-07-06 17:29:54,4,Hober Malloc,1752.2
2026-07-06 17:29:54,5,TonyK,1733.1
2026-07-06 17:29:54,6,flg,1702.6
2026-07-06 17:29:54,7,Audun Ljone Henriksen,1693.6
2026-07-06 17:29:54,8,Ender,1669.0
2026-07-06 17:29:54,9,Xiangyu Liu,1647.6
2026-07-06 17:29:54,10,Boey,1640.0
2026-07-06 17:29:54,11,Luca,1638.3
2026-07-06 17:29:54,12,M & J & M.ver2,1619.8
2026-07-06 17:29:54,13,One Man Wrecking Machine,1615.2
2026-07-06 17:29:54,14,moriiiiiiiiim,1597.2
2026-07-06 17:29:54,15,Azat Akhtyamov,1593.1
2026-07-06 17:29:54,16,Vadasz & Ascalon,1584.8
2026-07-06 17:29:54,17,Orbit Goblins,1574.2
2026-07-06 17:29:54,18,dragon warrior,1547.9
2026-07-06 17:29:54,19,Slawek Biel,1538.6
2026-07-06 17:29:54,20,Sheeesh---,1532.1
2026-07-06 17:29:54,21,Yuki Okumura,1520.9
2026-07-06 17:29:54,22,Gregor Lied,1517.8
2026-07-06 17:29:54,23,LuckyXC&me,1515.8
2026-07-06 17:29:54,24,Scool,1512.0
2026-07-06 17:29:54,25,213tubo,1501.0
2026-07-06 17:29:54,26,skalermo,1496.2
2026-07-06 17:29:54,27,Artem,1494.4
2026-07-06 17:29:54,28,Tufaben,1471.8
2026-07-06 17:29:54,29,jonathan breitgand,1470.5
2026-07-06 17:29:54,30,Alan C52,1469.0
2026-07-06 17:29:54,31,typeIIIfairy,1462.3
2026-07-06 17:29:54,32,This waiting will kill me!,1457.3
2026-07-06 17:29:54,33,vkhydras,1456.7
2026-07-06 17:29:54,34,Nebraskinator,1442.1
2026-07-06 17:29:54,35,Ebi,1432.2
2026-07-06 17:29:54,36,kosmostars @ pseudolabeling,1431.5
2026-07-06 17:29:54,37,bowwowforeach,1425.7
2026-07-06 17:29:54,38,Dreame1,1412.3
2026-07-06 17:29:54,39,Controlvector,1394.2
2026-07-06 17:29:54,40,CPMP,1387.8
2026-07-06 17:29:54,41,CPMP Fan,1387.6
2026-07-06 17:29:54,42,Mendrika,1376.1
2026-07-06 17:29:54,43,Roche Overflow,1374.2
2026-07-06 17:29:54,44,ma name,1352.4
2026-07-06 17:29:54,45,Luke Li,1349.3
2026-07-06 17:29:54,46,3Comets,1345.7
2026-07-06 17:29:54,47,Harm Buisman,1330.3
2026-07-06 17:29:54,48,unosss,1329.8
2026-07-06 17:29:54,49,saharan,1328.7
2026-07-06 17:29:54,50,CurveCowboy,1325.0
2026-07-06 17:44:56,1,Isaiah @ Tufa Labs,1848.1
2026-07-06 17:44:56,2,Jake Will,1752.9
2026-07-06 17:44:56,3,Felix M Neumann,1751.4
2026-07-06 17:44:56,4,TonyK,1730.4
2026-07-06 17:44:56,5,Hober Malloc,1730.0
2026-07-06 17:44:56,6,flg,1715.6
2026-07-06 17:44:56,7,Audun Ljone Henriksen,1698.6
2026-07-06 17:44:56,8,Ender,1681.4
2026-07-06 17:44:56,9,Boey,1647.3
2026-07-06 17:44:56,10,Xiangyu Liu,1638.0
2026-07-06 17:44:56,11,Luca,1620.7
2026-07-06 17:44:56,12,M & J & M.ver2,1615.7
2026-07-06 17:44:56,13,moriiiiiiiiim,1610.3
2026-07-06 17:44:56,14,One Man Wrecking Machine,1604.5
2026-07-06 17:44:56,15,Azat Akhtyamov,1582.2
2026-07-06 17:44:56,16,Orbit Goblins,1579.5
2026-07-06 17:44:56,17,Vadasz & Ascalon,1574.3
2026-07-06 17:44:56,18,dragon warrior,1544.7
2026-07-06 17:44:56,19,Slawek Biel,1544.7
2026-07-06 17:44:56,20,Sheeesh---,1536.7
2026-07-06 17:44:56,21,Gregor Lied,1529.6
2026-07-06 17:44:56,22,Scool,1526.6
2026-07-06 17:44:56,23,Yuki Okumura,1513.8
2026-07-06 17:44:56,24,213tubo,1504.8
2026-07-06 17:44:56,25,LuckyXC&me,1504.4
2026-07-06 17:44:56,26,jonathan breitgand,1496.2
2026-07-06 17:44:56,27,Artem,1487.7
2026-07-06 17:44:56,28,typeIIIfairy,1478.6
2026-07-06 17:44:56,29,Tufaben,1477.4
2026-07-06 17:44:56,30,skalermo,1466.7
2026-07-06 17:44:56,31,Alan C52,1462.7
2026-07-06 17:44:56,32,vkhydras,1455.5
2026-07-06 17:44:56,33,This waiting will kill me!,1450.7
2026-07-06 17:44:56,34,bowwowforeach,1437.6
2026-07-06 17:44:56,35,kosmostars @ pseudolabeling,1436.5
2026-07-06 17:44:56,36,Ebi,1435.6
2026-07-06 17:44:56,37,Nebraskinator,1432.4
2026-07-06 17:44:56,38,Dreame1,1403.4
2026-07-06 17:44:56,39,CPMP Fan,1398.1
2026-07-06 17:44:56,40,CPMP,1398.1
2026-07-06 17:44:56,41,Controlvector,1382.6
2026-07-06 17:44:56,42,Roche Overflow,1376.8
2026-07-06 17:44:56,43,Mendrika,1374.3
2026-07-06 17:44:56,44,3Comets,1365.7
2026-07-06 17:44:56,45,ma name,1345.9
2026-07-06 17:44:56,46,Luke Li,1345.0
2026-07-06 17:44:56,47,unosss,1334.4
2026-07-06 17:44:56,48,C404,1333.8
2026-07-06 17:44:56,49,CurveCowboy,1329.9
2026-07-06 17:44:56,50,saharan,1320.4
2026-07-06 17:59:59,1,Isaiah @ Tufa Labs,1842.4
2026-07-06 17:59:59,2,Felix M Neumann,1751.2
2026-07-06 17:59:59,3,Jake Will,1749.2
2026-07-06 17:59:59,4,TonyK,1736.2
2026-07-06 17:59:59,5,Hober Malloc,1735.8
2026-07-06 17:59:59,6,Audun Ljone Henriksen,1713.2
2026-07-06 17:59:59,7,flg,1706.2
2026-07-06 17:59:59,8,Ender,1683.7
2026-07-06 17:59:59,9,Boey,1651.6
2026-07-06 17:59:59,10,Xiangyu Liu,1642.7
2026-07-06 17:59:59,11,Luca,1626.6
2026-07-06 17:59:59,12,One Man Wrecking Machine,1617.2
2026-07-06 17:59:59,13,M & J & M.ver2,1613.6
2026-07-06 17:59:59,14,moriiiiiiiiim,1601.2
2026-07-06 17:59:59,15,Orbit Goblins,1583.1
2026-07-06 17:59:59,16,Azat Akhtyamov,1578.3
2026-07-06 17:59:59,17,Vadasz & Ascalon,1574.3
2026-07-06 17:59:59,18,dragon warrior,1547.4
2026-07-06 17:59:59,19,Gregor Lied,1547.2
2026-07-06 17:59:59,20,Slawek Biel,1545.7
2026-07-06 17:59:59,21,Sheeesh---,1539.0
2026-07-06 17:59:59,22,Scool,1523.4
2026-07-06 17:59:59,23,213tubo,1510.7
2026-07-06 17:59:59,24,LuckyXC&me,1508.1
2026-07-06 17:59:59,25,Yuki Okumura,1506.0
2026-07-06 17:59:59,26,jonathan breitgand,1492.7
2026-07-06 17:59:59,27,Artem,1483.1
2026-07-06 17:59:59,28,typeIIIfairy,1475.2
2026-07-06 17:59:59,29,Tufaben,1470.8
2026-07-06 17:59:59,30,skalermo,1467.0
2026-07-06 17:59:59,31,Alan C52,1459.5
2026-07-06 17:59:59,32,This waiting will kill me!,1457.8
2026-07-06 17:59:59,33,vkhydras,1449.3
2026-07-06 17:59:59,34,bowwowforeach,1446.5
2026-07-06 17:59:59,35,Ebi,1431.3
2026-07-06 17:59:59,36,Nebraskinator,1429.5
2026-07-06 17:59:59,37,kosmostars @ pseudolabeling,1421.4
2026-07-06 17:59:59,38,Dreame1,1403.6
2026-07-06 17:59:59,39,CPMP,1396.6
2026-07-06 17:59:59,40,CPMP Fan,1395.0
2026-07-06 17:59:59,41,Roche Overflow,1381.8
2026-07-06 17:59:59,42,Controlvector,1379.5
2026-07-06 17:59:59,43,Mendrika,1365.4
2026-07-06 17:59:59,44,3Comets,1357.9
2026-07-06 17:59:59,45,unosss,1348.5
2026-07-06 17:59:59,46,Luke Li,1344.0
2026-07-06 17:59:59,47,C404,1342.5
2026-07-06 17:59:59,48,ma name,1335.8
2026-07-06 17:59:59,49,saharan,1335.3
2026-07-06 17:59:59,50,CurveCowboy,1334.7
2026-07-06 18:15:01,1,Isaiah @ Tufa Labs,1842.4
2026-07-06 18:15:01,2,Jake Will,1756.1
2026-07-06 18:15:01,3,Felix M Neumann,1754.4
2026-07-06 18:15:01,4,Hober Malloc,1737.6
2026-07-06 18:15:01,5,TonyK,1731.0
2026-07-06 18:15:01,6,flg,1715.4
2026-07-06 18:15:01,7,Ender,1705.1
2026-07-06 18:15:01,8,Audun Ljone Henriksen,1701.0
2026-07-06 18:15:01,9,Boey,1653.7
2026-07-06 18:15:01,10,Xiangyu Liu,1624.7
2026-07-06 18:15:01,11,Luca,1624.3
2026-07-06 18:15:01,12,One Man Wrecking Machine,1616.7
2026-07-06 18:15:01,13,M & J & M.ver2,1616.7
2026-07-06 18:15:01,14,Azat Akhtyamov,1591.5
2026-07-06 18:15:01,15,Orbit Goblins,1590.2
2026-07-06 18:15:01,16,Vadasz & Ascalon,1587.4
2026-07-06 18:15:01,17,moriiiiiiiiim,1586.6
2026-07-06 18:15:01,18,dragon warrior,1564.3
2026-07-06 18:15:01,19,Gregor Lied,1541.9
2026-07-06 18:15:01,20,Sheeesh---,1536.9
2026-07-06 18:15:01,21,Slawek Biel,1526.4
2026-07-06 18:15:01,22,LuckyXC&me,1520.0
2026-07-06 18:15:01,23,213tubo,1507.4
2026-07-06 18:15:01,24,Yuki Okumura,1504.4
2026-07-06 18:15:01,25,Scool,1498.1
2026-07-06 18:15:01,26,Artem,1487.6
2026-07-06 18:15:01,27,jonathan breitgand,1472.4
2026-07-06 18:15:01,28,typeIIIfairy,1472.0
2026-07-06 18:15:01,29,Tufaben,1471.2
2026-07-06 18:15:01,30,skalermo,1469.3
2026-07-06 18:15:01,31,vkhydras,1460.2
2026-07-06 18:15:01,32,Ebi,1453.2
2026-07-06 18:15:01,33,Alan C52,1445.9
2026-07-06 18:15:01,34,kosmostars @ pseudolabeling,1443.1
2026-07-06 18:15:01,35,This waiting will kill me!,1440.9
2026-07-06 18:15:01,36,bowwowforeach,1436.0
2026-07-06 18:15:01,37,Nebraskinator,1420.7
2026-07-06 18:15:01,38,CPMP,1398.9
2026-07-06 18:15:01,39,Dreame1,1388.6
2026-07-06 18:15:01,40,Roche Overflow,1381.4
2026-07-06 18:15:01,41,Controlvector,1375.0
2026-07-06 18:15:01,42,CPMP Fan,1371.8
2026-07-06 18:15:01,43,3Comets,1371.3
2026-07-06 18:15:01,44,Mendrika,1352.8
2026-07-06 18:15:01,45,ma name,1349.3
2026-07-06 18:15:01,46,unosss,1345.5
2026-07-06 18:15:01,47,C404,1342.3
2026-07-06 18:15:01,48,CurveCowboy,1338.8
2026-07-06 18:15:01,49,Mooegi,1336.7
2026-07-06 18:15:01,50,saharan,1329.2
2026-07-06 18:30:04,1,Isaiah @ Tufa Labs,1848.1
2026-07-06 18:30:04,2,Jake Will,1765.9
2026-07-06 18:30:04,3,Felix M Neumann,1739.6
2026-07-06 18:30:04,4,TonyK,1737.4
2026-07-06 18:30:04,5,flg,1736.2
2026-07-06 18:30:04,6,Hober Malloc,1718.3
2026-07-06 18:30:04,7,Ender,1700.8
2026-07-06 18:30:04,8,Audun Ljone Henriksen,1696.0
2026-07-06 18:30:04,9,Boey,1652.4
2026-07-06 18:30:04,10,M & J & M.ver2,1622.4
2026-07-06 18:30:04,11,One Man Wrecking Machine,1619.0
2026-07-06 18:30:04,12,Xiangyu Liu,1616.4
2026-07-06 18:30:04,13,Luca,1606.0
2026-07-06 18:30:04,14,Vadasz & Ascalon,1595.8
2026-07-06 18:30:04,15,Azat Akhtyamov,1594.6
2026-07-06 18:30:04,16,Orbit Goblins,1594.1
2026-07-06 18:30:04,17,moriiiiiiiiim,1593.6
2026-07-06 18:30:04,18,dragon warrior,1578.2
2026-07-06 18:30:04,19,Sheeesh---,1547.4
2026-07-06 18:30:04,20,Gregor Lied,1543.3
2026-07-06 18:30:04,21,Slawek Biel,1528.0
2026-07-06 18:30:04,22,Yuki Okumura,1509.4
2026-07-06 18:30:04,23,LuckyXC&me,1508.3
2026-07-06 18:30:04,24,213tubo,1508.3
2026-07-06 18:30:04,25,Scool,1495.8
2026-07-06 18:30:04,26,Artem,1492.4
2026-07-06 18:30:04,27,skalermo,1483.4
2026-07-06 18:30:04,28,typeIIIfairy,1477.5
2026-07-06 18:30:04,29,jonathan breitgand,1474.2
2026-07-06 18:30:04,30,Tufaben,1462.6
2026-07-06 18:30:04,31,bowwowforeach,1457.4
2026-07-06 18:30:04,32,vkhydras,1450.0
2026-07-06 18:30:04,33,kosmostars @ pseudolabeling,1448.9
2026-07-06 18:30:04,34,This waiting will kill me!,1448.6
2026-07-06 18:30:04,35,Alan C52,1447.3
2026-07-06 18:30:04,36,Ebi,1447.2
2026-07-06 18:30:04,37,Nebraskinator,1426.2
2026-07-06 18:30:04,38,CPMP,1392.3
2026-07-06 18:30:04,39,Dreame1,1392.0
2026-07-06 18:30:04,40,3Comets,1375.8
2026-07-06 18:30:04,41,Controlvector,1372.6
2026-07-06 18:30:04,42,Roche Overflow,1368.8
2026-07-06 18:30:04,43,CPMP Fan,1356.9
2026-07-06 18:30:04,44,Mendrika,1352.8
2026-07-06 18:30:04,45,unosss,1351.4
2026-07-06 18:30:04,46,ma name,1347.8
2026-07-06 18:30:04,47,Luke Li,1342.8
2026-07-06 18:30:04,48,C404,1333.4
2026-07-06 18:30:04,49,saharan,1331.8
2026-07-06 18:30:04,50,CurveCowboy,1330.5
2026-07-06 18:45:06,1,Isaiah @ Tufa Labs,1856.2
2026-07-06 18:45:06,2,Jake Will,1761.2
2026-07-06 18:45:06,3,Felix M Neumann,1740.9
2026-07-06 18:45:06,4,TonyK,1735.0
2026-07-06 18:45:06,5,flg,1730.2
2026-07-06 18:45:06,6,Hober Malloc,1728.3
2026-07-06 18:45:06,7,Audun Ljone Henriksen,1696.0
2026-07-06 18:45:06,8,Ender,1694.4
2026-07-06 18:45:06,9,Boey,1650.5
2026-07-06 18:45:06,10,M & J & M.ver2,1631.4
2026-07-06 18:45:06,11,One Man Wrecking Machine,1623.4
2026-07-06 18:45:06,12,Xiangyu Liu,1621.7
2026-07-06 18:45:06,13,Vadasz & Ascalon,1611.7
2026-07-06 18:45:06,14,Luca,1601.8
2026-07-06 18:45:06,15,Azat Akhtyamov,1590.1
2026-07-06 18:45:06,16,moriiiiiiiiim,1588.3
2026-07-06 18:45:06,17,Orbit Goblins,1576.0
2026-07-06 18:45:06,18,dragon warrior,1568.7
2026-07-06 18:45:06,19,Gregor Lied,1545.1
2026-07-06 18:45:06,20,Sheeesh---,1540.5
2026-07-06 18:45:06,21,Slawek Biel,1529.5
2026-07-06 18:45:06,22,LuckyXC&me,1519.5
2026-07-06 18:45:06,23,213tubo,1514.3
2026-07-06 18:45:06,24,Yuki Okumura,1505.5
2026-07-06 18:45:06,25,Scool,1504.3
2026-07-06 18:45:06,26,Artem,1494.6
2026-07-06 18:45:06,27,typeIIIfairy,1481.9
2026-07-06 18:45:06,28,jonathan breitgand,1473.8
2026-07-06 18:45:06,29,Tufaben,1471.6
2026-07-06 18:45:06,30,skalermo,1466.5
2026-07-06 18:45:06,31,vkhydras,1462.0
2026-07-06 18:45:06,32,This waiting will kill me!,1461.3
2026-07-06 18:45:06,33,bowwowforeach,1452.8
2026-07-06 18:45:06,34,Ebi,1442.2
2026-07-06 18:45:06,35,Alan C52,1436.0
2026-07-06 18:45:06,36,kosmostars @ pseudolabeling,1433.2
2026-07-06 18:45:06,37,Nebraskinator,1427.8
2026-07-06 18:45:06,38,CPMP,1406.1
2026-07-06 18:45:06,39,Controlvector,1389.0
2026-07-06 18:45:06,40,3Comets,1381.0
2026-07-06 18:45:06,41,Dreame1,1380.8
2026-07-06 18:45:06,42,Roche Overflow,1370.0
2026-07-06 18:45:06,43,ma name,1353.3
2026-07-06 18:45:06,44,unosss,1353.2
2026-07-06 18:45:06,45,CPMP Fan,1348.0
2026-07-06 18:45:06,46,Mendrika,1341.3
2026-07-06 18:45:06,47,C404,1338.8
2026-07-06 18:45:06,48,Luke Li,1337.7
2026-07-06 18:45:06,49,Harm Buisman,1331.7
2026-07-06 18:45:06,50,SR,1323.5
2026-07-06 19:00:09,1,Isaiah @ Tufa Labs,1857.3
2026-07-06 19:00:09,2,Jake Will,1759.3
2026-07-06 19:00:09,3,Felix M Neumann,1739.3
2026-07-06 19:00:09,4,TonyK,1737.5
2026-07-06 19:00:09,5,Hober Malloc,1736.4
2026-07-06 19:00:09,6,flg,1726.0
2026-07-06 19:00:09,7,Audun Ljone Henriksen,1702.4
2026-07-06 19:00:09,8,Ender,1687.9
2026-07-06 19:00:09,9,Boey,1649.8
2026-07-06 19:00:09,10,M & J & M.ver2,1637.5
2026-07-06 19:00:09,11,One Man Wrecking Machine,1625.5
2026-07-06 19:00:09,12,Xiangyu Liu,1617.1
2026-07-06 19:00:09,13,Luca,1616.1
2026-07-06 19:00:09,14,Azat Akhtyamov,1601.1
2026-07-06 19:00:09,15,Vadasz & Ascalon,1598.2
2026-07-06 19:00:09,16,Orbit Goblins,1588.8
2026-07-06 19:00:09,17,moriiiiiiiiim,1585.1
2026-07-06 19:00:09,18,dragon warrior,1563.1
2026-07-06 19:00:09,19,Sheeesh---,1538.6
2026-07-06 19:00:09,20,Slawek Biel,1538.2
2026-07-06 19:00:09,21,Gregor Lied,1529.2
2026-07-06 19:00:09,22,Scool,1523.3
2026-07-06 19:00:09,23,213tubo,1522.7
2026-07-06 19:00:09,24,LuckyXC&me,1510.0
2026-07-06 19:00:09,25,Artem,1494.3
2026-07-06 19:00:09,26,Yuki Okumura,1493.9
2026-07-06 19:00:09,27,typeIIIfairy,1489.1
2026-07-06 19:00:09,28,Tufaben,1477.4
2026-07-06 19:00:09,29,This waiting will kill me!,1470.7
2026-07-06 19:00:09,30,vkhydras,1469.4
2026-07-06 19:00:09,31,jonathan breitgand,1467.7
2026-07-06 19:00:09,32,skalermo,1463.3
2026-07-06 19:00:09,33,Alan C52,1447.7
2026-07-06 19:00:09,34,bowwowforeach,1438.3
2026-07-06 19:00:09,35,Ebi,1434.7
2026-07-06 19:00:09,36,Nebraskinator,1431.3
2026-07-06 19:00:09,37,kosmostars @ pseudolabeling,1427.6
2026-07-06 19:00:09,38,CPMP,1418.5
2026-07-06 19:00:09,39,Roche Overflow,1383.3
2026-07-06 19:00:09,40,Controlvector,1377.8
2026-07-06 19:00:09,41,Dreame1,1377.5
2026-07-06 19:00:09,42,3Comets,1375.2
2026-07-06 19:00:09,43,ma name,1353.9
2026-07-06 19:00:09,44,CPMP Fan,1351.3
2026-07-06 19:00:09,45,Luke Li,1351.2
2026-07-06 19:00:09,46,Harm Buisman,1346.1
2026-07-06 19:00:09,47,unosss,1343.7
2026-07-06 19:00:09,48,SR,1331.4
2026-07-06 19:00:09,49,Mendrika,1330.8
2026-07-06 19:00:09,50,CurveCowboy,1330.5
2026-07-06 19:15:12,1,Isaiah @ Tufa Labs,1852.1
2026-07-06 19:15:12,2,Jake Will,1763.4
2026-07-06 19:15:12,3,TonyK,1747.9
2026-07-06 19:15:12,4,flg,1740.1
2026-07-06 19:15:12,5,Felix M Neumann,1736.2
2026-07-06 19:15:12,6,Hober Malloc,1730.8
2026-07-06 19:15:12,7,Audun Ljone Henriksen,1691.1
2026-07-06 19:15:12,8,Ender,1682.7
2026-07-06 19:15:12,9,Boey,1656.3
2026-07-06 19:15:12,10,Xiangyu Liu,1635.6
2026-07-06 19:15:12,11,M & J & M.ver2,1612.7
2026-07-06 19:15:12,12,Luca,1608.3
2026-07-06 19:15:12,13,Azat Akhtyamov,1604.8
2026-07-06 19:15:12,14,moriiiiiiiiim,1597.8
2026-07-06 19:15:12,15,Vadasz & Ascalon,1595.1
2026-07-06 19:15:12,16,One Man Wrecking Machine,1594.7
2026-07-06 19:15:12,17,Orbit Goblins,1561.9
2026-07-06 19:15:12,18,dragon warrior,1555.1
2026-07-06 19:15:12,19,Slawek Biel,1536.9
2026-07-06 19:15:12,20,Sheeesh---,1535.7
2026-07-06 19:15:12,21,213tubo,1531.4
2026-07-06 19:15:12,22,Scool,1526.6
2026-07-06 19:15:12,23,Gregor Lied,1518.6
2026-07-06 19:15:12,24,LuckyXC&me,1512.5
2026-07-06 19:15:12,25,Yuki Okumura,1492.6
2026-07-06 19:15:12,26,Artem,1492.6
2026-07-06 19:15:12,27,jonathan breitgand,1481.4
2026-07-06 19:15:12,28,typeIIIfairy,1475.7
2026-07-06 19:15:12,29,vkhydras,1472.4
2026-07-06 19:15:12,30,Tufaben,1467.1
2026-07-06 19:15:12,31,skalermo,1463.3
2026-07-06 19:15:12,32,Alan C52,1458.6
2026-07-06 19:15:12,33,This waiting will kill me!,1457.5
2026-07-06 19:15:12,34,bowwowforeach,1450.2
2026-07-06 19:15:12,35,kosmostars @ pseudolabeling,1435.0
2026-07-06 19:15:12,36,Nebraskinator,1427.2
2026-07-06 19:15:12,37,Ebi,1425.9
2026-07-06 19:15:12,38,CPMP,1413.9
2026-07-06 19:15:12,39,Roche Overflow,1382.7
2026-07-06 19:15:12,40,Controlvector,1375.3
2026-07-06 19:15:12,41,Dreame1,1370.0
2026-07-06 19:15:12,42,ma name,1368.8
2026-07-06 19:15:12,43,Luke Li,1362.4
2026-07-06 19:15:12,44,CPMP Fan,1362.1
2026-07-06 19:15:12,45,unosss,1352.8
2026-07-06 19:15:12,46,3Comets,1352.0
2026-07-06 19:15:12,47,Harm Buisman,1349.9
2026-07-06 19:15:12,48,SR,1337.1
2026-07-06 19:15:12,49,Mendrika,1335.2
2026-07-06 19:15:12,50,Abhyuday,1318.8
2026-07-06 19:30:14,1,Isaiah @ Tufa Labs,1849.2
2026-07-06 19:30:14,2,Jake Will,1768.8
2026-07-06 19:30:14,3,TonyK,1761.8
2026-07-06 19:30:14,4,Hober Malloc,1738.7
2026-07-06 19:30:14,5,Felix M Neumann,1731.6
2026-07-06 19:30:14,6,flg,1713.4
2026-07-06 19:30:14,7,Audun Ljone Henriksen,1697.1
2026-07-06 19:30:14,8,Ender,1686.2
2026-07-06 19:30:14,9,Boey,1658.8
2026-07-06 19:30:14,10,Xiangyu Liu,1628.9
2026-07-06 19:30:14,11,Luca,1627.9
2026-07-06 19:30:14,12,M & J & M.ver2,1613.5
2026-07-06 19:30:14,13,Azat Akhtyamov,1611.0
2026-07-06 19:30:14,14,moriiiiiiiiim,1605.2
2026-07-06 19:30:14,15,Vadasz & Ascalon,1599.4
2026-07-06 19:30:14,16,One Man Wrecking Machine,1587.4
2026-07-06 19:30:14,17,dragon warrior,1564.8
2026-07-06 19:30:14,18,Orbit Goblins,1557.4
2026-07-06 19:30:14,19,Slawek Biel,1554.2
2026-07-06 19:30:14,20,Sheeesh---,1549.8
2026-07-06 19:30:14,21,Gregor Lied,1530.7
2026-07-06 19:30:14,22,Scool,1526.5
2026-07-06 19:30:14,23,213tubo,1514.3
2026-07-06 19:30:14,24,LuckyXC&me,1512.9
2026-07-06 19:30:14,25,Artem,1503.4
2026-07-06 19:30:14,26,Yuki Okumura,1500.9
2026-07-06 19:30:14,27,jonathan breitgand,1485.7
2026-07-06 19:30:14,28,typeIIIfairy,1479.3
2026-07-06 19:30:14,29,Tufaben,1478.3
2026-07-06 19:30:14,30,This waiting will kill me!,1464.3
2026-07-06 19:30:14,31,vkhydras,1460.1
2026-07-06 19:30:14,32,skalermo,1459.7
2026-07-06 19:30:14,33,Alan C52,1448.2
2026-07-06 19:30:14,34,bowwowforeach,1447.7
2026-07-06 19:30:14,35,kosmostars @ pseudolabeling,1434.8
2026-07-06 19:30:14,36,Nebraskinator,1431.6
2026-07-06 19:30:14,37,Ebi,1426.0
2026-07-06 19:30:14,38,CPMP,1410.0
2026-07-06 19:30:14,39,Roche Overflow,1392.3
2026-07-06 19:30:14,40,Luke Li,1378.2
2026-07-06 19:30:14,41,CPMP Fan,1377.5
2026-07-06 19:30:14,42,Dreame1,1376.8
2026-07-06 19:30:14,43,Controlvector,1375.0
2026-07-06 19:30:14,44,3Comets,1364.2
2026-07-06 19:30:14,45,ma name,1356.9
2026-07-06 19:30:14,46,Mendrika,1344.7
2026-07-06 19:30:14,47,unosss,1342.8
2026-07-06 19:30:14,48,Harm Buisman,1339.9
2026-07-06 19:30:14,49,CurveCowboy,1329.6
2026-07-06 19:30:14,50,SR,1318.2
2026-07-06 19:45:17,1,Isaiah @ Tufa Labs,1860.1
2026-07-06 19:45:17,2,Jake Will,1771.8
2026-07-06 19:45:17,3,TonyK,1765.7
2026-07-06 19:45:17,4,Hober Malloc,1729.4
2026-07-06 19:45:17,5,flg,1725.3
2026-07-06 19:45:17,6,Felix M Neumann,1722.5
2026-07-06 19:45:17,7,Audun Ljone Henriksen,1693.9
2026-07-06 19:45:17,8,Ender,1687.9
2026-07-06 19:45:17,9,Boey,1652.6
2026-07-06 19:45:17,10,Xiangyu Liu,1631.1
2026-07-06 19:45:17,11,Luca,1617.6
2026-07-06 19:45:17,12,M & J & M.ver2,1610.9
2026-07-06 19:45:17,13,Vadasz & Ascalon,1606.1
2026-07-06 19:45:17,14,Azat Akhtyamov,1604.9
2026-07-06 19:45:17,15,moriiiiiiiiim,1591.6
2026-07-06 19:45:17,16,One Man Wrecking Machine,1584.1
2026-07-06 19:45:17,17,dragon warrior,1565.2
2026-07-06 19:45:17,18,Orbit Goblins,1558.2
2026-07-06 19:45:17,19,Sheeesh---,1545.9
2026-07-06 19:45:17,20,Gregor Lied,1533.1
2026-07-06 19:45:17,21,Slawek Biel,1530.5
2026-07-06 19:45:17,22,Scool,1525.9
2026-07-06 19:45:17,23,Artem,1507.8
2026-07-06 19:45:17,24,jonathan breitgand,1507.1
2026-07-06 19:45:17,25,LuckyXC&me,1497.9
2026-07-06 19:45:17,26,Yuki Okumura,1497.2
2026-07-06 19:45:17,27,213tubo,1497.0
2026-07-06 19:45:17,28,Tufaben,1495.7
2026-07-06 19:45:17,29,typeIIIfairy,1470.0
2026-07-06 19:45:17,30,This waiting will kill me!,1461.2
2026-07-06 19:45:17,31,Alan C52,1460.2
2026-07-06 19:45:17,32,skalermo,1453.8
2026-07-06 19:45:17,33,vkhydras,1438.2
2026-07-06 19:45:17,34,kosmostars @ pseudolabeling,1437.2
2026-07-06 19:45:17,35,Ebi,1432.9
2026-07-06 19:45:17,36,Nebraskinator,1431.5
2026-07-06 19:45:17,37,bowwowforeach,1428.7
2026-07-06 19:45:17,38,CPMP,1413.8
2026-07-06 19:45:17,39,Roche Overflow,1397.8
2026-07-06 19:45:17,40,CPMP Fan,1386.3
2026-07-06 19:45:17,41,Dreame1,1375.7
2026-07-06 19:45:17,42,Controlvector,1371.9
2026-07-06 19:45:17,43,Luke Li,1361.1
2026-07-06 19:45:17,44,ma name,1348.6
2026-07-06 19:45:17,45,Mendrika,1346.8
2026-07-06 19:45:17,46,3Comets,1343.7
2026-07-06 19:45:17,47,unosss,1343.1
2026-07-06 19:45:17,48,CurveCowboy,1331.1
2026-07-06 19:45:17,49,Harm Buisman,1325.3
2026-07-06 19:45:17,50,SR,1321.2
2026-07-06 20:00:19,1,Isaiah @ Tufa Labs,1851.4
2026-07-06 20:00:19,2,Jake Will,1771.2
2026-07-06 20:00:19,3,TonyK,1760.8
2026-07-06 20:00:19,4,Hober Malloc,1747.3
2026-07-06 20:00:19,5,flg,1725.9
2026-07-06 20:00:19,6,Felix M Neumann,1709.6
2026-07-06 20:00:19,7,Audun Ljone Henriksen,1696.4
2026-07-06 20:00:19,8,Ender,1679.4
2026-07-06 20:00:19,9,Boey,1656.1
2026-07-06 20:00:19,10,Luca,1639.4
2026-07-06 20:00:19,11,Xiangyu Liu,1634.5
2026-07-06 20:00:19,12,M & J & M.ver2,1618.3
2026-07-06 20:00:19,13,Azat Akhtyamov,1611.9
2026-07-06 20:00:19,14,Vadasz & Ascalon,1609.7
2026-07-06 20:00:19,15,moriiiiiiiiim,1589.5
2026-07-06 20:00:19,16,One Man Wrecking Machine,1584.2
2026-07-06 20:00:19,17,dragon warrior,1561.9
2026-07-06 20:00:19,18,Orbit Goblins,1561.7
2026-07-06 20:00:19,19,Gregor Lied,1551.2
2026-07-06 20:00:19,20,Sheeesh---,1538.4
2026-07-06 20:00:19,21,Artem,1519.0
2026-07-06 20:00:19,22,LuckyXC&me,1518.2
2026-07-06 20:00:19,23,Scool,1514.2
2026-07-06 20:00:19,24,Slawek Biel,1513.1
2026-07-06 20:00:19,25,jonathan breitgand,1507.6
2026-07-06 20:00:19,26,213tubo,1505.9
2026-07-06 20:00:19,27,Yuki Okumura,1503.2
2026-07-06 20:00:19,28,Tufaben,1489.4
2026-07-06 20:00:19,29,This waiting will kill me!,1474.4
2026-07-06 20:00:19,30,Alan C52,1468.2
2026-07-06 20:00:19,31,typeIIIfairy,1460.3
2026-07-06 20:00:19,32,skalermo,1446.2
2026-07-06 20:00:19,33,Nebraskinator,1445.6
2026-07-06 20:00:19,34,vkhydras,1436.5
2026-07-06 20:00:19,35,kosmostars @ pseudolabeling,1434.3
2026-07-06 20:00:19,36,Ebi,1433.5
2026-07-06 20:00:19,37,bowwowforeach,1429.8
2026-07-06 20:00:19,38,CPMP Fan,1399.6
2026-07-06 20:00:19,39,CPMP,1397.9
2026-07-06 20:00:19,40,Roche Overflow,1387.6
2026-07-06 20:00:19,41,Controlvector,1383.6
2026-07-06 20:00:19,42,Dreame1,1374.9
2026-07-06 20:00:19,43,Luke Li,1373.6
2026-07-06 20:00:19,44,unosss,1352.2
2026-07-06 20:00:19,45,ma name,1350.3
2026-07-06 20:00:19,46,3Comets,1345.3
2026-07-06 20:00:19,47,CurveCowboy,1342.9
2026-07-06 20:00:19,48,Mendrika,1340.7
2026-07-06 20:00:19,49,Abhyuday,1331.3
2026-07-06 20:00:19,50,SR,1321.2
2026-07-06 20:15:41,1,Isaiah @ Tufa Labs,1863.0
2026-07-06 20:15:41,2,Jake Will,1778.9
2026-07-06 20:15:41,3,TonyK,1766.5
2026-07-06 20:15:41,4,Hober Malloc,1727.1
2026-07-06 20:15:41,5,flg,1727.1
2026-07-06 20:15:41,6,Felix M Neumann,1721.6
2026-07-06 20:15:41,7,Ender,1689.5
2026-07-06 20:15:41,8,Audun Ljone Henriksen,1686.2
2026-07-06 20:15:41,9,Luca,1650.0
2026-07-06 20:15:41,10,Boey,1649.3
2026-07-06 20:15:41,11,Xiangyu Liu,1621.7
2026-07-06 20:15:41,12,M & J & M.ver2,1618.7
2026-07-06 20:15:41,13,Azat Akhtyamov,1612.5
2026-07-06 20:15:41,14,moriiiiiiiiim,1608.3
2026-07-06 20:15:41,15,Vadasz & Ascalon,1604.4
2026-07-06 20:15:41,16,One Man Wrecking Machine,1581.6
2026-07-06 20:15:41,17,dragon warrior,1573.1
2026-07-06 20:15:41,18,Orbit Goblins,1557.9
2026-07-06 20:15:41,19,Gregor Lied,1547.4
2026-07-06 20:15:41,20,Sheeesh---,1545.7
2026-07-06 20:15:41,21,LuckyXC&me,1527.1
2026-07-06 20:15:41,22,213tubo,1515.0
2026-07-06 20:15:41,23,Scool,1513.0
2026-07-06 20:15:41,24,Yuki Okumura,1511.8
2026-07-06 20:15:41,25,jonathan breitgand,1498.5
2026-07-06 20:15:41,26,Artem,1496.2
2026-07-06 20:15:41,27,Slawek Biel,1496.1
2026-07-06 20:15:41,28,Tufaben,1494.0
2026-07-06 20:15:41,29,Alan C52,1480.5
2026-07-06 20:15:41,30,typeIIIfairy,1464.2
2026-07-06 20:15:41,31,This waiting will kill me!,1461.0
2026-07-06 20:15:41,32,Nebraskinator,1453.0
2026-07-06 20:15:41,33,skalermo,1450.9
2026-07-06 20:15:41,34,vkhydras,1441.2
2026-07-06 20:15:41,35,kosmostars @ pseudolabeling,1438.3
2026-07-06 20:15:41,36,Ebi,1420.7
2026-07-06 20:15:41,37,bowwowforeach,1416.8
2026-07-06 20:15:41,38,CPMP,1410.6
2026-07-06 20:15:41,39,CPMP Fan,1403.3
2026-07-06 20:15:41,40,Controlvector,1401.9
2026-07-06 20:15:41,41,Dreame1,1389.2
2026-07-06 20:15:41,42,Roche Overflow,1366.3
2026-07-06 20:15:41,43,unosss,1361.2
2026-07-06 20:15:41,44,Luke Li,1359.7
2026-07-06 20:15:41,45,CurveCowboy,1342.7
2026-07-06 20:15:41,46,3Comets,1340.9
2026-07-06 20:15:41,47,ma name,1340.6
2026-07-06 20:15:41,48,Abhyuday,1336.2
2026-07-06 20:15:41,49,C404,1332.7
2026-07-06 20:15:41,50,Mendrika,1322.8
2026-07-06 20:30:44,1,Isaiah @ Tufa Labs,1865.5
2026-07-06 20:30:44,2,Jake Will,1776.0
2026-07-06 20:30:44,3,TonyK,1766.8
2026-07-06 20:30:44,4,flg,1740.9
2026-07-06 20:30:44,5,Hober Malloc,1729.4
2026-07-06 20:30:44,6,Felix M Neumann,1726.6
2026-07-06 20:30:44,7,Audun Ljone Henriksen,1693.0
2026-07-06 20:30:44,8,Ender,1691.6
2026-07-06 20:30:44,9,Boey,1659.2
2026-07-06 20:30:44,10,Luca,1646.5
2026-07-06 20:30:44,11,Xiangyu Liu,1621.2
2026-07-06 20:30:44,12,moriiiiiiiiim,1616.6
2026-07-06 20:30:44,13,M & J & M.ver2,1613.6
2026-07-06 20:30:44,14,Azat Akhtyamov,1609.6
2026-07-06 20:30:44,15,Vadasz & Ascalon,1601.5
2026-07-06 20:30:44,16,One Man Wrecking Machine,1591.7
2026-07-06 20:30:44,17,dragon warrior,1573.2
2026-07-06 20:30:44,18,Orbit Goblins,1559.9
2026-07-06 20:30:44,19,Gregor Lied,1547.2
2026-07-06 20:30:44,20,Scool,1538.1
2026-07-06 20:30:44,21,Sheeesh---,1533.9
2026-07-06 20:30:44,22,LuckyXC&me,1527.1
2026-07-06 20:30:44,23,213tubo,1526.9
2026-07-06 20:30:44,24,Yuki Okumura,1506.5
2026-07-06 20:30:44,25,jonathan breitgand,1503.0
2026-07-06 20:30:44,26,Tufaben,1499.3
2026-07-06 20:30:44,27,Artem,1485.0
2026-07-06 20:30:44,28,Slawek Biel,1481.8
2026-07-06 20:30:44,29,This waiting will kill me!,1479.8
2026-07-06 20:30:44,30,typeIIIfairy,1471.4
2026-07-06 20:30:44,31,Alan C52,1470.9
2026-07-06 20:30:44,32,Nebraskinator,1448.4
2026-07-06 20:30:44,33,skalermo,1443.4
2026-07-06 20:30:44,34,kosmostars @ pseudolabeling,1442.6
2026-07-06 20:30:44,35,vkhydras,1440.7
2026-07-06 20:30:44,36,Ebi,1434.0
2026-07-06 20:30:44,37,bowwowforeach,1420.3
2026-07-06 20:30:44,38,Controlvector,1408.1
2026-07-06 20:30:44,39,CPMP Fan,1406.2
2026-07-06 20:30:44,40,CPMP,1398.2
2026-07-06 20:30:44,41,Dreame1,1392.1
2026-07-06 20:30:44,42,unosss,1375.2
2026-07-06 20:30:44,43,Roche Overflow,1371.1
2026-07-06 20:30:44,44,Luke Li,1352.3
2026-07-06 20:30:44,45,ma name,1344.8
2026-07-06 20:30:44,46,C404,1343.4
2026-07-06 20:30:44,47,3Comets,1338.8
2026-07-06 20:30:44,48,CurveCowboy,1331.1
2026-07-06 20:30:44,49,Mendrika,1322.3
2026-07-06 20:30:44,50,Abhyuday,1320.4
2026-07-06 20:45:46,1,Isaiah @ Tufa Labs,1870.2
2026-07-06 20:45:46,2,Jake Will,1774.4
2026-07-06 20:45:46,3,TonyK,1756.9
2026-07-06 20:45:46,4,flg,1743.6
2026-07-06 20:45:46,5,Hober Malloc,1742.1
2026-07-06 20:45:46,6,Felix M Neumann,1734.1
2026-07-06 20:45:46,7,Ender,1694.2
2026-07-06 20:45:46,8,Audun Ljone Henriksen,1685.0
2026-07-06 20:45:46,9,Boey,1656.5
2026-07-06 20:45:46,10,Luca,1644.2
2026-07-06 20:45:46,11,moriiiiiiiiim,1623.8
2026-07-06 20:45:46,12,M & J & M.ver2,1620.9
2026-07-06 20:45:46,13,Xiangyu Liu,1615.7
2026-07-06 20:45:46,14,Vadasz & Ascalon,1604.2
2026-07-06 20:45:46,15,Azat Akhtyamov,1602.6
2026-07-06 20:45:46,16,One Man Wrecking Machine,1592.9
2026-07-06 20:45:46,17,dragon warrior,1564.0
2026-07-06 20:45:46,18,Sheeesh---,1551.2
2026-07-06 20:45:46,19,Orbit Goblins,1547.6
2026-07-06 20:45:46,20,Gregor Lied,1541.2
2026-07-06 20:45:46,21,Scool,1537.8
2026-07-06 20:45:46,22,213tubo,1534.3
2026-07-06 20:45:46,23,Tufaben,1518.7
2026-07-06 20:45:46,24,LuckyXC&me,1517.6
2026-07-06 20:45:46,25,jonathan breitgand,1514.7
2026-07-06 20:45:46,26,Slawek Biel,1494.5
2026-07-06 20:45:46,27,Yuki Okumura,1484.9
2026-07-06 20:45:46,28,Alan C52,1481.7
2026-07-06 20:45:46,29,Artem,1480.7
2026-07-06 20:45:46,30,typeIIIfairy,1470.1
2026-07-06 20:45:46,31,vkhydras,1461.3
2026-07-06 20:45:46,32,This waiting will kill me!,1460.8
2026-07-06 20:45:46,33,skalermo,1448.3
2026-07-06 20:45:46,34,kosmostars @ pseudolabeling,1440.9
2026-07-06 20:45:46,35,Ebi,1439.9
2026-07-06 20:45:46,36,Nebraskinator,1438.7
2026-07-06 20:45:46,37,CPMP Fan,1414.4
2026-07-06 20:45:46,38,bowwowforeach,1410.8
2026-07-06 20:45:46,39,CPMP,1407.9
2026-07-06 20:45:46,40,Controlvector,1399.1
2026-07-06 20:45:46,41,Dreame1,1381.8
2026-07-06 20:45:46,42,Roche Overflow,1377.5
2026-07-06 20:45:46,43,unosss,1370.0
2026-07-06 20:45:46,44,ma name,1357.7
2026-07-06 20:45:46,45,3Comets,1355.0
2026-07-06 20:45:46,46,Luke Li,1348.3
2026-07-06 20:45:46,47,CurveCowboy,1340.3
2026-07-06 20:45:46,48,SR,1338.0
2026-07-06 20:45:46,49,C404,1327.6
2026-07-06 20:45:46,50,Abhyuday,1323.6
2026-07-06 21:00:48,1,Isaiah @ Tufa Labs,1865.0
2026-07-06 21:00:48,2,TonyK,1782.4
2026-07-06 21:00:48,3,Jake Will,1764.1
2026-07-06 21:00:48,4,Hober Malloc,1741.5
2026-07-06 21:00:48,5,flg,1738.5
2026-07-06 21:00:48,6,Felix M Neumann,1729.9
2026-07-06 21:00:48,7,Audun Ljone Henriksen,1689.7
2026-07-06 21:00:48,8,Ender,1686.9
2026-07-06 21:00:48,9,Boey,1655.0
2026-07-06 21:00:48,10,Luca,1652.4
2026-07-06 21:00:48,11,Xiangyu Liu,1621.5
2026-07-06 21:00:48,12,One Man Wrecking Machine,1615.4
2026-07-06 21:00:48,13,M & J & M.ver2,1611.7
2026-07-06 21:00:48,14,moriiiiiiiiim,1607.8
2026-07-06 21:00:48,15,Azat Akhtyamov,1590.0
2026-07-06 21:00:48,16,Vadasz & Ascalon,1588.2
2026-07-06 21:00:48,17,dragon warrior,1579.3
2026-07-06 21:00:48,18,Gregor Lied,1547.5
2026-07-06 21:00:48,19,Sheeesh---,1547.3
2026-07-06 21:00:48,20,Orbit Goblins,1536.5
2026-07-06 21:00:48,21,Scool,1534.2
2026-07-06 21:00:48,22,213tubo,1532.9
2026-07-06 21:00:48,23,Slawek Biel,1521.4
2026-07-06 21:00:48,24,LuckyXC&me,1521.2
2026-07-06 21:00:48,25,jonathan breitgand,1514.0
2026-07-06 21:00:48,26,Tufaben,1502.4
2026-07-06 21:00:48,27,Alan C52,1491.2
2026-07-06 21:00:48,28,This waiting will kill me!,1483.8
2026-07-06 21:00:48,29,Artem,1483.3
2026-07-06 21:00:48,30,Yuki Okumura,1471.7
2026-07-06 21:00:48,31,skalermo,1471.6
2026-07-06 21:00:48,32,typeIIIfairy,1469.0
2026-07-06 21:00:48,33,vkhydras,1460.1
2026-07-06 21:00:48,34,kosmostars @ pseudolabeling,1445.0
2026-07-06 21:00:48,35,Ebi,1438.6
2026-07-06 21:00:48,36,Nebraskinator,1426.0
2026-07-06 21:00:48,37,bowwowforeach,1418.0
2026-07-06 21:00:48,38,CPMP,1406.3
2026-07-06 21:00:48,39,Dreame1,1398.9
2026-07-06 21:00:48,40,Controlvector,1396.1
2026-07-06 21:00:48,41,CPMP Fan,1391.8
2026-07-06 21:00:48,42,ma name,1377.3
2026-07-06 21:00:48,43,Roche Overflow,1369.7
2026-07-06 21:00:48,44,3Comets,1361.8
2026-07-06 21:00:48,45,unosss,1358.2
2026-07-06 21:00:48,46,SR,1353.1
2026-07-06 21:00:48,47,Luke Li,1341.6
2026-07-06 21:00:48,48,CurveCowboy,1340.4
2026-07-06 21:00:48,49,Mendrika,1340.0
2026-07-06 21:00:48,50,Abhyuday,1320.2
2026-07-06 21:15:51,1,Isaiah @ Tufa Labs,1854.5
2026-07-06 21:15:51,2,TonyK,1786.9
2026-07-06 21:15:51,3,Jake Will,1777.9
2026-07-06 21:15:51,4,Hober Malloc,1745.5
2026-07-06 21:15:51,5,Felix M Neumann,1736.3
2026-07-06 21:15:51,6,flg,1728.1
2026-07-06 21:15:51,7,Audun Ljone Henriksen,1705.3
2026-07-06 21:15:51,8,Ender,1691.1
2026-07-06 21:15:51,9,Boey,1658.0
2026-07-06 21:15:51,10,Luca,1637.6
2026-07-06 21:15:51,11,Xiangyu Liu,1630.6
2026-07-06 21:15:51,12,One Man Wrecking Machine,1626.3
2026-07-06 21:15:51,13,moriiiiiiiiim,1612.8
2026-07-06 21:15:51,14,M & J & M.ver2,1606.4
2026-07-06 21:15:51,15,Azat Akhtyamov,1583.7
2026-07-06 21:15:51,16,Vadasz & Ascalon,1578.7
2026-07-06 21:15:51,17,dragon warrior,1575.1
2026-07-06 21:15:51,18,Sheeesh---,1560.8
2026-07-06 21:15:51,19,213tubo,1542.3
2026-07-06 21:15:51,20,Scool,1541.4
2026-07-06 21:15:51,21,Slawek Biel,1538.8
2026-07-06 21:15:51,22,Gregor Lied,1536.3
2026-07-06 21:15:51,23,Orbit Goblins,1528.8
2026-07-06 21:15:51,24,jonathan breitgand,1519.7
2026-07-06 21:15:51,25,Tufaben,1511.4
2026-07-06 21:15:51,26,LuckyXC&me,1510.7
2026-07-06 21:15:51,27,Alan C52,1498.0
2026-07-06 21:15:51,28,Yuki Okumura,1481.5
2026-07-06 21:15:51,29,Artem,1480.3
2026-07-06 21:15:51,30,This waiting will kill me!,1479.4
2026-07-06 21:15:51,31,skalermo,1478.0
2026-07-06 21:15:51,32,typeIIIfairy,1459.2
2026-07-06 21:15:51,33,vkhydras,1438.3
2026-07-06 21:15:51,34,Ebi,1434.1
2026-07-06 21:15:51,35,kosmostars @ pseudolabeling,1433.7
2026-07-06 21:15:51,36,Nebraskinator,1432.4
2026-07-06 21:15:51,37,bowwowforeach,1417.2
2026-07-06 21:15:51,38,CPMP,1414.4
2026-07-06 21:15:51,39,CPMP Fan,1405.0
2026-07-06 21:15:51,40,Dreame1,1402.6
2026-07-06 21:15:51,41,Controlvector,1388.9
2026-07-06 21:15:51,42,3Comets,1372.6
2026-07-06 21:15:51,43,ma name,1369.7
2026-07-06 21:15:51,44,SR,1366.5
2026-07-06 21:15:51,45,unosss,1358.8
2026-07-06 21:15:51,46,Roche Overflow,1353.7
2026-07-06 21:15:51,47,CurveCowboy,1351.6
2026-07-06 21:15:51,48,Mendrika,1342.2
2026-07-06 21:15:51,49,Luke Li,1327.1
2026-07-06 21:15:51,50,C404,1319.1
2026-07-06 21:30:53,1,Isaiah @ Tufa Labs,1850.1
2026-07-06 21:30:53,2,TonyK,1774.0
2026-07-06 21:30:53,3,Jake Will,1768.6
2026-07-06 21:30:53,4,Hober Malloc,1768.0
2026-07-06 21:30:53,5,Felix M Neumann,1735.0
2026-07-06 21:30:53,6,flg,1727.1
2026-07-06 21:30:53,7,Audun Ljone Henriksen,1712.4
2026-07-06 21:30:53,8,Ender,1681.5
2026-07-06 21:30:53,9,Boey,1667.9
2026-07-06 21:30:53,10,Xiangyu Liu,1640.1
2026-07-06 21:30:53,11,Luca,1638.5
2026-07-06 21:30:53,12,One Man Wrecking Machine,1637.1
2026-07-06 21:30:53,13,M & J & M.ver2,1608.7
2026-07-06 21:30:53,14,moriiiiiiiiim,1603.6
2026-07-06 21:30:53,15,dragon warrior,1583.1
2026-07-06 21:30:53,16,Azat Akhtyamov,1579.7
2026-07-06 21:30:53,17,Vadasz & Ascalon,1570.0
2026-07-06 21:30:53,18,Scool,1553.2
2026-07-06 21:30:53,19,Sheeesh---,1551.0
2026-07-06 21:30:53,20,LuckyXC&me,1545.3
2026-07-06 21:30:53,21,Gregor Lied,1535.0
2026-07-06 21:30:53,22,213tubo,1532.9
2026-07-06 21:30:53,23,Slawek Biel,1531.1
2026-07-06 21:30:53,24,Orbit Goblins,1526.8
2026-07-06 21:30:53,25,jonathan breitgand,1511.4
2026-07-06 21:30:53,26,Artem,1499.0
2026-07-06 21:30:53,27,This waiting will kill me!,1495.7
2026-07-06 21:30:53,28,Tufaben,1493.8
2026-07-06 21:30:53,29,Alan C52,1489.5
2026-07-06 21:30:53,30,skalermo,1473.8
2026-07-06 21:30:53,31,Yuki Okumura,1473.6
2026-07-06 21:30:53,32,typeIIIfairy,1454.1
2026-07-06 21:30:53,33,kosmostars @ pseudolabeling,1440.5
2026-07-06 21:30:53,34,CPMP,1438.1
2026-07-06 21:30:53,35,vkhydras,1437.4
2026-07-06 21:30:53,36,Nebraskinator,1426.1
2026-07-06 21:30:53,37,bowwowforeach,1426.1
2026-07-06 21:30:53,38,Ebi,1423.3
2026-07-06 21:30:53,39,Dreame1,1401.2
2026-07-06 21:30:53,40,Controlvector,1393.4
2026-07-06 21:30:53,41,CPMP Fan,1390.9
2026-07-06 21:30:53,42,ma name,1384.1
2026-07-06 21:30:53,43,3Comets,1369.8
2026-07-06 21:30:53,44,SR,1366.0
2026-07-06 21:30:53,45,Roche Overflow,1358.2
2026-07-06 21:30:53,46,CurveCowboy,1351.9
2026-07-06 21:30:53,47,Luke Li,1350.1
2026-07-06 21:30:53,48,unosss,1348.2
2026-07-06 21:30:53,49,Mendrika,1332.7
2026-07-06 21:30:53,50,C404,1314.3
2026-07-06 21:45:56,1,Isaiah @ Tufa Labs,1849.4
2026-07-06 21:45:56,2,Jake Will,1767.3
2026-07-06 21:45:56,3,Hober Malloc,1762.2
2026-07-06 21:45:56,4,TonyK,1757.2
2026-07-06 21:45:56,5,Felix M Neumann,1737.0
2026-07-06 21:45:56,6,flg,1730.8
2026-07-06 21:45:56,7,Audun Ljone Henriksen,1723.9
2026-07-06 21:45:56,8,Ender,1677.3
2026-07-06 21:45:56,9,Boey,1668.1
2026-07-06 21:45:56,10,Xiangyu Liu,1645.7
2026-07-06 21:45:56,11,M & J & M.ver2,1632.3
2026-07-06 21:45:56,12,Luca,1630.8
2026-07-06 21:45:56,13,One Man Wrecking Machine,1625.0
2026-07-06 21:45:56,14,moriiiiiiiiim,1596.9
2026-07-06 21:45:56,15,dragon warrior,1584.0
2026-07-06 21:45:56,16,Azat Akhtyamov,1571.3
2026-07-06 21:45:56,17,Sheeesh---,1558.5
2026-07-06 21:45:56,18,Vadasz & Ascalon,1558.3
2026-07-06 21:45:56,19,LuckyXC&me,1551.4
2026-07-06 21:45:56,20,Orbit Goblins,1542.8
2026-07-06 21:45:56,21,213tubo,1536.7
2026-07-06 21:45:56,22,Gregor Lied,1534.5
2026-07-06 21:45:56,23,Scool,1528.1
2026-07-06 21:45:56,24,Slawek Biel,1523.6
2026-07-06 21:45:56,25,jonathan breitgand,1513.8
2026-07-06 21:45:56,26,Artem,1502.9
2026-07-06 21:45:56,27,Tufaben,1490.2
2026-07-06 21:45:56,28,Alan C52,1484.8
2026-07-06 21:45:56,29,This waiting will kill me!,1478.0
2026-07-06 21:45:56,30,Yuki Okumura,1472.5
2026-07-06 21:45:56,31,kosmostars @ pseudolabeling,1470.5
2026-07-06 21:45:56,32,typeIIIfairy,1463.8
2026-07-06 21:45:56,33,skalermo,1462.5
2026-07-06 21:45:56,34,CPMP,1439.3
2026-07-06 21:45:56,35,vkhydras,1432.1
2026-07-06 21:45:56,36,Nebraskinator,1424.1
2026-07-06 21:45:56,37,bowwowforeach,1415.6
2026-07-06 21:45:56,38,Controlvector,1410.7
2026-07-06 21:45:56,39,CPMP Fan,1410.0
2026-07-06 21:45:56,40,Ebi,1405.7
2026-07-06 21:45:56,41,Dreame1,1382.7
2026-07-06 21:45:56,42,CurveCowboy,1368.0
2026-07-06 21:45:56,43,unosss,1367.9
2026-07-06 21:45:56,44,ma name,1366.7
2026-07-06 21:45:56,45,3Comets,1362.5
2026-07-06 21:45:56,46,SR,1358.8
2026-07-06 21:45:56,47,Roche Overflow,1358.1
2026-07-06 21:45:56,48,Luke Li,1333.2
2026-07-06 21:45:56,49,Mendrika,1328.4
2026-07-06 21:45:56,50,XtraLearning,1320.3
2026-07-06 22:00:58,1,Isaiah @ Tufa Labs,1850.9
2026-07-06 22:00:58,2,TonyK,1767.4
2026-07-06 22:00:58,3,Jake Will,1757.9
2026-07-06 22:00:58,4,Hober Malloc,1752.3
2026-07-06 22:00:58,5,Felix M Neumann,1744.6
2026-07-06 22:00:58,6,flg,1723.3
2026-07-06 22:00:58,7,Audun Ljone Henriksen,1716.0
2026-07-06 22:00:58,8,Boey,1677.2
2026-07-06 22:00:58,9,Ender,1665.6
2026-07-06 22:00:58,10,Xiangyu Liu,1651.2
2026-07-06 22:00:58,11,M & J & M.ver2,1644.3
2026-07-06 22:00:58,12,Luca,1631.0
2026-07-06 22:00:58,13,One Man Wrecking Machine,1625.6
2026-07-06 22:00:58,14,dragon warrior,1592.4
2026-07-06 22:00:58,15,moriiiiiiiiim,1589.1
2026-07-06 22:00:58,16,Azat Akhtyamov,1585.2
2026-07-06 22:00:58,17,Vadasz & Ascalon,1567.5
2026-07-06 22:00:58,18,LuckyXC&me,1554.1
2026-07-06 22:00:58,19,Sheeesh---,1553.7
2026-07-06 22:00:58,20,Orbit Goblins,1541.2
2026-07-06 22:00:58,21,213tubo,1539.9
2026-07-06 22:00:58,22,Gregor Lied,1535.6
2026-07-06 22:00:58,23,jonathan breitgand,1529.3
2026-07-06 22:00:58,24,Slawek Biel,1528.8
2026-07-06 22:00:58,25,Scool,1526.6
2026-07-06 22:00:58,26,Artem,1500.3
2026-07-06 22:00:58,27,Tufaben,1482.2
2026-07-06 22:00:58,28,Yuki Okumura,1482.1
2026-07-06 22:00:58,29,Alan C52,1472.9
2026-07-06 22:00:58,30,This waiting will kill me!,1471.9
2026-07-06 22:00:58,31,kosmostars @ pseudolabeling,1465.4
2026-07-06 22:00:58,32,typeIIIfairy,1451.2
2026-07-06 22:00:58,33,skalermo,1449.0
2026-07-06 22:00:58,34,CPMP,1437.3
2026-07-06 22:00:58,35,Nebraskinator,1433.0
2026-07-06 22:00:58,36,vkhydras,1431.8
2026-07-06 22:00:58,37,bowwowforeach,1422.6
2026-07-06 22:00:58,38,CPMP Fan,1414.9
2026-07-06 22:00:58,39,Ebi,1407.3
2026-07-06 22:00:58,40,Controlvector,1403.8
2026-07-06 22:00:58,41,CurveCowboy,1385.4
2026-07-06 22:00:58,42,Dreame1,1373.1
2026-07-06 22:00:58,43,ma name,1370.3
2026-07-06 22:00:58,44,Roche Overflow,1367.2
2026-07-06 22:00:58,45,unosss,1357.4
2026-07-06 22:00:58,46,SR,1352.5
2026-07-06 22:00:58,47,3Comets,1346.8
2026-07-06 22:00:58,48,Luke Li,1339.5
2026-07-06 22:00:58,49,Mendrika,1326.5
2026-07-06 22:00:58,50,C404,1322.3
2026-07-06 22:16:00,1,Isaiah @ Tufa Labs,1849.6
2026-07-06 22:16:00,2,Hober Malloc,1764.8
2026-07-06 22:16:00,3,Jake Will,1760.7
2026-07-06 22:16:00,4,TonyK,1750.9
2026-07-06 22:16:00,5,flg,1747.6
2026-07-06 22:16:00,6,Felix M Neumann,1740.7
2026-07-06 22:16:00,7,Audun Ljone Henriksen,1709.7
2026-07-06 22:16:00,8,Boey,1672.8
2026-07-06 22:16:00,9,Ender,1665.9
2026-07-06 22:16:00,10,M & J & M.ver2,1653.1
2026-07-06 22:16:00,11,Luca,1635.5
2026-07-06 22:16:00,12,One Man Wrecking Machine,1630.3
2026-07-06 22:16:00,13,Xiangyu Liu,1628.2
2026-07-06 22:16:00,14,dragon warrior,1594.4
2026-07-06 22:16:00,15,moriiiiiiiiim,1590.9
2026-07-06 22:16:00,16,Azat Akhtyamov,1578.4
2026-07-06 22:16:00,17,Vadasz & Ascalon,1568.5
2026-07-06 22:16:00,18,Orbit Goblins,1556.2
2026-07-06 22:16:00,19,LuckyXC&me,1555.6
2026-07-06 22:16:00,20,Gregor Lied,1544.7
2026-07-06 22:16:00,21,Sheeesh---,1542.0
2026-07-06 22:16:00,22,213tubo,1533.8
2026-07-06 22:16:00,23,jonathan breitgand,1528.2
2026-07-06 22:16:00,24,Scool,1522.6
2026-07-06 22:16:00,25,Slawek Biel,1518.5
2026-07-06 22:16:00,26,Artem,1510.3
2026-07-06 22:16:00,27,Alan C52,1486.1
2026-07-06 22:16:00,28,Yuki Okumura,1482.7
2026-07-06 22:16:00,29,Tufaben,1477.9
2026-07-06 22:16:00,30,typeIIIfairy,1459.7
2026-07-06 22:16:00,31,This waiting will kill me!,1458.8
2026-07-06 22:16:00,32,kosmostars @ pseudolabeling,1454.2
2026-07-06 22:16:00,33,skalermo,1452.9
2026-07-06 22:16:00,34,Nebraskinator,1440.2
2026-07-06 22:16:00,35,bowwowforeach,1433.2
2026-07-06 22:16:00,36,CPMP,1426.0
2026-07-06 22:16:00,37,CPMP Fan,1418.9
2026-07-06 22:16:00,38,Controlvector,1412.4
2026-07-06 22:16:00,39,vkhydras,1411.3
2026-07-06 22:16:00,40,Ebi,1396.0
2026-07-06 22:16:00,41,CurveCowboy,1385.1
2026-07-06 22:16:00,42,ma name,1382.0
2026-07-06 22:16:00,43,Roche Overflow,1368.5
2026-07-06 22:16:00,44,Dreame1,1354.7
2026-07-06 22:16:00,45,Luke Li,1345.7
2026-07-06 22:16:00,46,SR,1345.4
2026-07-06 22:16:00,47,unosss,1339.9
2026-07-06 22:16:00,48,3Comets,1339.6
2026-07-06 22:16:00,49,Mendrika,1337.7
2026-07-06 22:16:00,50,Abhyuday,1319.4
2026-07-06 22:31:03,1,Isaiah @ Tufa Labs,1849.1
2026-07-06 22:31:03,2,Jake Will,1779.6
2026-07-06 22:31:03,3,Hober Malloc,1757.7
2026-07-06 22:31:03,4,TonyK,1740.3
2026-07-06 22:31:03,5,Felix M Neumann,1735.7
2026-07-06 22:31:03,6,flg,1726.9
2026-07-06 22:31:03,7,Boey,1700.8
2026-07-06 22:31:03,8,Audun Ljone Henriksen,1691.1
2026-07-06 22:31:03,9,Ender,1690.2
2026-07-06 22:31:03,10,M & J & M.ver2,1643.3
2026-07-06 22:31:03,11,Xiangyu Liu,1641.9
2026-07-06 22:31:03,12,Luca,1620.0
2026-07-06 22:31:03,13,One Man Wrecking Machine,1612.1
2026-07-06 22:31:03,14,dragon warrior,1604.1
2026-07-06 22:31:03,15,moriiiiiiiiim,1599.3
2026-07-06 22:31:03,16,Azat Akhtyamov,1586.4
2026-07-06 22:31:03,17,LuckyXC&me,1561.6
2026-07-06 22:31:03,18,Gregor Lied,1560.1
2026-07-06 22:31:03,19,Vadasz & Ascalon,1558.6
2026-07-06 22:31:03,20,Orbit Goblins,1545.7
2026-07-06 22:31:03,21,Sheeesh---,1527.2
2026-07-06 22:31:03,22,213tubo,1525.9
2026-07-06 22:31:03,23,Scool,1525.2
2026-07-06 22:31:03,24,Slawek Biel,1516.9
2026-07-06 22:31:03,25,jonathan breitgand,1506.3
2026-07-06 22:31:03,26,Artem,1499.0
2026-07-06 22:31:03,27,Tufaben,1489.7
2026-07-06 22:31:03,28,Yuki Okumura,1488.3
2026-07-06 22:31:03,29,Alan C52,1486.6
2026-07-06 22:31:03,30,This waiting will kill me!,1478.6
2026-07-06 22:31:03,31,kosmostars @ pseudolabeling,1465.3
2026-07-06 22:31:03,32,Nebraskinator,1457.6
2026-07-06 22:31:03,33,skalermo,1449.7
2026-07-06 22:31:03,34,typeIIIfairy,1448.3
2026-07-06 22:31:03,35,bowwowforeach,1428.2
2026-07-06 22:31:03,36,CPMP,1426.5
2026-07-06 22:31:03,37,Controlvector,1420.6
2026-07-06 22:31:03,38,vkhydras,1418.3
2026-07-06 22:31:03,39,CPMP Fan,1404.2
2026-07-06 22:31:03,40,ma name,1393.9
2026-07-06 22:31:03,41,Roche Overflow,1390.7
2026-07-06 22:31:03,42,Ebi,1378.7
2026-07-06 22:31:03,43,CurveCowboy,1371.3
2026-07-06 22:31:03,44,Dreame1,1353.7
2026-07-06 22:31:03,45,Luke Li,1348.5
2026-07-06 22:31:03,46,SR,1339.1
2026-07-06 22:31:03,47,unosss,1337.8
2026-07-06 22:31:03,48,Mendrika,1330.5
2026-07-06 22:31:03,49,3Comets,1327.5
2026-07-06 22:31:03,50,C404,1311.6
2026-07-06 22:46:05,1,Isaiah @ Tufa Labs,1840.0
2026-07-06 22:46:05,2,Jake Will,1790.1
2026-07-06 22:46:05,3,TonyK,1758.4
2026-07-06 22:46:05,4,Hober Malloc,1754.8
2026-07-06 22:46:05,5,Felix M Neumann,1741.5
2026-07-06 22:46:05,6,flg,1714.1
2026-07-06 22:46:05,7,Ender,1691.2
2026-07-06 22:46:05,8,Audun Ljone Henriksen,1683.1
2026-07-06 22:46:05,9,Boey,1681.7
2026-07-06 22:46:05,10,M & J & M.ver2,1645.9
2026-07-06 22:46:05,11,Xiangyu Liu,1633.6
2026-07-06 22:46:05,12,Luca,1627.8
2026-07-06 22:46:05,13,dragon warrior,1620.1
2026-07-06 22:46:05,14,moriiiiiiiiim,1613.4
2026-07-06 22:46:05,15,One Man Wrecking Machine,1605.6
2026-07-06 22:46:05,16,Azat Akhtyamov,1579.1
2026-07-06 22:46:05,17,LuckyXC&me,1577.6
2026-07-06 22:46:05,18,Vadasz & Ascalon,1552.0
2026-07-06 22:46:05,19,Slawek Biel,1539.2
2026-07-06 22:46:05,20,Orbit Goblins,1538.1
2026-07-06 22:46:05,21,Scool,1535.7
2026-07-06 22:46:05,22,Gregor Lied,1534.1
2026-07-06 22:46:05,23,Sheeesh---,1530.5
2026-07-06 22:46:05,24,213tubo,1529.8
2026-07-06 22:46:05,25,Artem,1490.8
2026-07-06 22:46:05,26,Alan C52,1487.0
2026-07-06 22:46:05,27,Tufaben,1486.2
2026-07-06 22:46:05,28,jonathan breitgand,1485.1
2026-07-06 22:46:05,29,Yuki Okumura,1479.8
2026-07-06 22:46:05,30,This waiting will kill me!,1470.9
2026-07-06 22:46:05,31,kosmostars @ pseudolabeling,1469.5
2026-07-06 22:46:05,32,Nebraskinator,1464.5
2026-07-06 22:46:05,33,skalermo,1449.2
2026-07-06 22:46:05,34,typeIIIfairy,1438.0
2026-07-06 22:46:05,35,CPMP,1434.8
2026-07-06 22:46:05,36,Controlvector,1431.8
2026-07-06 22:46:05,37,bowwowforeach,1431.1
2026-07-06 22:46:05,38,CPMP Fan,1416.8
2026-07-06 22:46:05,39,vkhydras,1414.4
2026-07-06 22:46:05,40,Roche Overflow,1381.9
2026-07-06 22:46:05,41,ma name,1381.1
2026-07-06 22:46:05,42,Ebi,1376.4
2026-07-06 22:46:05,43,CurveCowboy,1373.8
2026-07-06 22:46:05,44,Dreame1,1368.7
2026-07-06 22:46:05,45,SR,1348.2
2026-07-06 22:46:05,46,Luke Li,1344.3
2026-07-06 22:46:05,47,Mendrika,1342.5
2026-07-06 22:46:05,48,unosss,1333.1
2026-07-06 22:46:05,49,3Comets,1327.9
2026-07-06 22:46:05,50,C404,1320.0
2026-07-06 23:01:08,1,Isaiah @ Tufa Labs,1846.1
2026-07-06 23:01:08,2,Jake Will,1772.9
2026-07-06 23:01:08,3,Felix M Neumann,1765.8
2026-07-06 23:01:08,4,Hober Malloc,1756.1
2026-07-06 23:01:08,5,TonyK,1737.9
2026-07-06 23:01:08,6,flg,1711.0
2026-07-06 23:01:08,7,Ender,1699.3
2026-07-06 23:01:08,8,Audun Ljone Henriksen,1692.8
2026-07-06 23:01:08,9,Boey,1674.5
2026-07-06 23:01:08,10,M & J & M.ver2,1637.8
2026-07-06 23:01:08,11,moriiiiiiiiim,1637.2
2026-07-06 23:01:08,12,Xiangyu Liu,1629.3
2026-07-06 23:01:08,13,Luca,1624.7
2026-07-06 23:01:08,14,One Man Wrecking Machine,1619.4
2026-07-06 23:01:08,15,dragon warrior,1612.1
2026-07-06 23:01:08,16,Azat Akhtyamov,1591.5
2026-07-06 23:01:08,17,Vadasz & Ascalon,1570.8
2026-07-06 23:01:08,18,LuckyXC&me,1558.3
2026-07-06 23:01:08,19,Orbit Goblins,1554.2
2026-07-06 23:01:08,20,Slawek Biel,1535.8
2026-07-06 23:01:08,21,Sheeesh---,1535.1
2026-07-06 23:01:08,22,Gregor Lied,1528.1
2026-07-06 23:01:08,23,Scool,1522.9
2026-07-06 23:01:08,24,213tubo,1508.7
2026-07-06 23:01:08,25,jonathan breitgand,1499.0
2026-07-06 23:01:08,26,Alan C52,1491.9
2026-07-06 23:01:08,27,Tufaben,1487.3
2026-07-06 23:01:08,28,Yuki Okumura,1486.7
2026-07-06 23:01:08,29,Artem,1480.3
2026-07-06 23:01:08,30,kosmostars @ pseudolabeling,1475.5
2026-07-06 23:01:08,31,This waiting will kill me!,1463.8
2026-07-06 23:01:08,32,typeIIIfairy,1453.5
2026-07-06 23:01:08,33,Nebraskinator,1446.8
2026-07-06 23:01:08,34,bowwowforeach,1440.8
2026-07-06 23:01:08,35,Controlvector,1430.3
2026-07-06 23:01:08,36,skalermo,1430.2
2026-07-06 23:01:08,37,CPMP,1428.3
2026-07-06 23:01:08,38,vkhydras,1414.8
2026-07-06 23:01:08,39,CPMP Fan,1404.8
2026-07-06 23:01:08,40,Roche Overflow,1379.3
2026-07-06 23:01:08,41,Ebi,1379.0
2026-07-06 23:01:08,42,ma name,1378.2
2026-07-06 23:01:08,43,CurveCowboy,1364.5
2026-07-06 23:01:08,44,SR,1356.1
2026-07-06 23:01:08,45,Dreame1,1346.9
2026-07-06 23:01:08,46,3Comets,1338.0
2026-07-06 23:01:08,47,unosss,1334.1
2026-07-06 23:01:08,48,Luke Li,1332.2
2026-07-06 23:01:08,49,Mendrika,1324.9
2026-07-06 23:01:08,50,C404,1319.7
2026-07-06 23:16:10,1,Isaiah @ Tufa Labs,1851.7
2026-07-06 23:16:10,2,Hober Malloc,1773.5
2026-07-06 23:16:10,3,Jake Will,1768.3
2026-07-06 23:16:10,4,Felix M Neumann,1764.9
2026-07-06 23:16:10,5,TonyK,1740.9
2026-07-06 23:16:10,6,flg,1701.9
2026-07-06 23:16:10,7,Ender,1696.7
2026-07-06 23:16:10,8,Audun Ljone Henriksen,1690.2
2026-07-06 23:16:10,9,Boey,1674.6
2026-07-06 23:16:10,10,M & J & M.ver2,1649.4
2026-07-06 23:16:10,11,Xiangyu Liu,1645.7
2026-07-06 23:16:10,12,moriiiiiiiiim,1628.8
2026-07-06 23:16:10,13,Luca,1622.3
2026-07-06 23:16:10,14,One Man Wrecking Machine,1621.0
2026-07-06 23:16:10,15,dragon warrior,1602.7
2026-07-06 23:16:10,16,Azat Akhtyamov,1593.6
2026-07-06 23:16:10,17,Vadasz & Ascalon,1568.2
2026-07-06 23:16:10,18,Orbit Goblins,1564.6
2026-07-06 23:16:10,19,LuckyXC&me,1548.4
2026-07-06 23:16:10,20,Sheeesh---,1543.7
2026-07-06 23:16:10,21,Slawek Biel,1536.6
2026-07-06 23:16:10,22,Gregor Lied,1527.9
2026-07-06 23:16:10,23,213tubo,1514.0
2026-07-06 23:16:10,24,Scool,1513.5
2026-07-06 23:16:10,25,jonathan breitgand,1505.8
2026-07-06 23:16:10,26,kosmostars @ pseudolabeling,1493.5
2026-07-06 23:16:10,27,Alan C52,1482.3
2026-07-06 23:16:10,28,Yuki Okumura,1481.4
2026-07-06 23:16:10,29,Tufaben,1481.3
2026-07-06 23:16:10,30,This waiting will kill me!,1466.3
2026-07-06 23:16:10,31,Artem,1466.2
2026-07-06 23:16:10,32,Nebraskinator,1456.0
2026-07-06 23:16:10,33,skalermo,1450.5
2026-07-06 23:16:10,34,typeIIIfairy,1450.2
2026-07-06 23:16:10,35,bowwowforeach,1443.9
2026-07-06 23:16:10,36,vkhydras,1426.9
2026-07-06 23:16:10,37,Controlvector,1414.4
2026-07-06 23:16:10,38,CPMP,1412.7
2026-07-06 23:16:10,39,CPMP Fan,1402.2
2026-07-06 23:16:10,40,ma name,1395.7
2026-07-06 23:16:10,41,Roche Overflow,1378.4
2026-07-06 23:16:10,42,CurveCowboy,1368.4
2026-07-06 23:16:10,43,Ebi,1361.0
2026-07-06 23:16:10,44,SR,1359.2
2026-07-06 23:16:10,45,Dreame1,1352.0
2026-07-06 23:16:10,46,Luke Li,1333.5
2026-07-06 23:16:10,47,Mendrika,1329.6
2026-07-06 23:16:10,48,unosss,1324.9
2026-07-06 23:16:10,49,3Comets,1322.9
2026-07-06 23:16:10,50,C404,1318.7
2026-07-06 23:31:13,1,Isaiah @ Tufa Labs,1847.4
2026-07-06 23:31:13,2,Jake Will,1784.1
2026-07-06 23:31:13,3,Hober Malloc,1772.9
2026-07-06 23:31:13,4,TonyK,1735.5
2026-07-06 23:31:13,5,Felix M Neumann,1734.2
2026-07-06 23:31:13,6,flg,1714.4
2026-07-06 23:31:13,7,Audun Ljone Henriksen,1693.7
2026-07-06 23:31:13,8,Boey,1674.2
2026-07-06 23:31:13,9,Ender,1673.1
2026-07-06 23:31:13,10,M & J & M.ver2,1642.1
2026-07-06 23:31:13,11,Xiangyu Liu,1629.7
2026-07-06 23:31:13,12,Luca,1629.5
2026-07-06 23:31:13,13,moriiiiiiiiim,1619.8
2026-07-06 23:31:13,14,dragon warrior,1609.5
2026-07-06 23:31:13,15,One Man Wrecking Machine,1600.8
2026-07-06 23:31:13,16,Azat Akhtyamov,1585.8
2026-07-06 23:31:13,17,Vadasz & Ascalon,1559.9
2026-07-06 23:31:13,18,Sheeesh---,1555.4
2026-07-06 23:31:13,19,Orbit Goblins,1554.4
2026-07-06 23:31:13,20,LuckyXC&me,1552.4
2026-07-06 23:31:13,21,Gregor Lied,1552.0
2026-07-06 23:31:13,22,213tubo,1520.6
2026-07-06 23:31:13,23,Slawek Biel,1520.6
2026-07-06 23:31:13,24,Scool,1511.0
2026-07-06 23:31:13,25,jonathan breitgand,1508.5
2026-07-06 23:31:13,26,Yuki Okumura,1502.3
2026-07-06 23:31:13,27,Tufaben,1487.7
2026-07-06 23:31:13,28,This waiting will kill me!,1484.8
2026-07-06 23:31:13,29,Alan C52,1481.1
2026-07-06 23:31:13,30,Artem,1473.1
2026-07-06 23:31:13,31,kosmostars @ pseudolabeling,1466.8
2026-07-06 23:31:13,32,skalermo,1463.0
2026-07-06 23:31:13,33,typeIIIfairy,1458.2
2026-07-06 23:31:13,34,bowwowforeach,1446.6
2026-07-06 23:31:13,35,Nebraskinator,1445.3
2026-07-06 23:31:13,36,vkhydras,1423.4
2026-07-06 23:31:13,37,Controlvector,1413.6
2026-07-06 23:31:13,38,CPMP Fan,1408.8
2026-07-06 23:31:13,39,CPMP,1404.2
2026-07-06 23:31:13,40,ma name,1396.5
2026-07-06 23:31:13,41,CurveCowboy,1379.4
2026-07-06 23:31:13,42,Roche Overflow,1366.9
2026-07-06 23:31:13,43,Ebi,1365.3
2026-07-06 23:31:13,44,Dreame1,1360.1
2026-07-06 23:31:13,45,SR,1356.6
2026-07-06 23:31:13,46,3Comets,1339.5
2026-07-06 23:31:13,47,Luke Li,1325.0
2026-07-06 23:31:13,48,unosss,1322.4
2026-07-06 23:31:13,49,Mendrika,1318.0
2026-07-06 23:31:13,50,C404,1313.3
2026-07-06 23:46:15,1,Isaiah @ Tufa Labs,1843.8
2026-07-06 23:46:15,2,Hober Malloc,1782.9
2026-07-06 23:46:15,3,Jake Will,1774.6
2026-07-06 23:46:15,4,flg,1738.1
2026-07-06 23:46:15,5,TonyK,1736.8
2026-07-06 23:46:15,6,Felix M Neumann,1733.6
2026-07-06 23:46:15,7,Ender,1709.4
2026-07-06 23:46:15,8,Audun Ljone Henriksen,1687.3
2026-07-06 23:46:15,9,Boey,1672.0
2026-07-06 23:46:15,10,M & J & M.ver2,1651.4
2026-07-06 23:46:15,11,Xiangyu Liu,1629.5
2026-07-06 23:46:15,12,moriiiiiiiiim,1625.1
2026-07-06 23:46:15,13,Luca,1622.4
2026-07-06 23:46:15,14,dragon warrior,1598.8
2026-07-06 23:46:15,15,Azat Akhtyamov,1598.1
2026-07-06 23:46:15,16,One Man Wrecking Machine,1590.6
2026-07-06 23:46:15,17,Gregor Lied,1558.3
2026-07-06 23:46:15,18,Sheeesh---,1551.2
2026-07-06 23:46:15,19,LuckyXC&me,1549.2
2026-07-06 23:46:15,20,Orbit Goblins,1548.2
2026-07-06 23:46:15,21,Vadasz & Ascalon,1544.4
2026-07-06 23:46:15,22,213tubo,1531.3
2026-07-06 23:46:15,23,Slawek Biel,1524.4
2026-07-06 23:46:15,24,jonathan breitgand,1522.5
2026-07-06 23:46:15,25,Tufaben,1505.6
2026-07-06 23:46:15,26,Yuki Okumura,1503.0
2026-07-06 23:46:15,27,Artem,1488.3
2026-07-06 23:46:15,28,Scool,1487.1
2026-07-06 23:46:15,29,Alan C52,1484.9
2026-07-06 23:46:15,30,typeIIIfairy,1481.8
2026-07-06 23:46:15,31,This waiting will kill me!,1470.9
2026-07-06 23:46:15,32,skalermo,1459.2
2026-07-06 23:46:15,33,kosmostars @ pseudolabeling,1452.7
2026-07-06 23:46:15,34,Nebraskinator,1446.5
2026-07-06 23:46:15,35,bowwowforeach,1443.8
2026-07-06 23:46:15,36,vkhydras,1415.7
2026-07-06 23:46:15,37,Controlvector,1410.6
2026-07-06 23:46:15,38,CPMP Fan,1401.0
2026-07-06 23:46:15,39,CPMP,1392.5
2026-07-06 23:46:15,40,ma name,1388.9
2026-07-06 23:46:15,41,Ebi,1375.1
2026-07-06 23:46:15,42,Dreame1,1368.4
2026-07-06 23:46:15,43,CurveCowboy,1366.1
2026-07-06 23:46:15,44,SR,1362.3
2026-07-06 23:46:15,45,3Comets,1350.8
2026-07-06 23:46:15,46,Roche Overflow,1345.5
2026-07-06 23:46:15,47,Luke Li,1337.8
2026-07-06 23:46:15,48,Mendrika,1328.4
2026-07-06 23:46:15,49,unosss,1327.9
2026-07-06 23:46:15,50,C404,1324.4
2026-07-07 00:01:18,1,Isaiah @ Tufa Labs,1834.4
2026-07-07 00:01:18,2,Hober Malloc,1794.2
2026-07-07 00:01:18,3,Jake Will,1770.2
2026-07-07 00:01:18,4,TonyK,1734.9
2026-07-07 00:01:18,5,Felix M Neumann,1734.8
2026-07-07 00:01:18,6,flg,1733.3
2026-07-07 00:01:18,7,Ender,1713.7
2026-07-07 00:01:18,8,Audun Ljone Henriksen,1700.8
2026-07-07 00:01:18,9,Boey,1669.4
2026-07-07 00:01:18,10,M & J & M.ver2,1640.4
2026-07-07 00:01:18,11,Xiangyu Liu,1628.1
2026-07-07 00:01:18,12,moriiiiiiiiim,1617.5
2026-07-07 00:01:18,13,Luca,1616.3
2026-07-07 00:01:18,14,Azat Akhtyamov,1611.2
2026-07-07 00:01:18,15,dragon warrior,1606.5
2026-07-07 00:01:18,16,One Man Wrecking Machine,1602.5
2026-07-07 00:01:18,17,Gregor Lied,1575.6
2026-07-07 00:01:18,18,Orbit Goblins,1551.6
2026-07-07 00:01:18,19,Sheeesh---,1549.0
2026-07-07 00:01:18,20,Vadasz & Ascalon,1546.8
2026-07-07 00:01:18,21,LuckyXC&me,1542.7
2026-07-07 00:01:18,22,213tubo,1538.2
2026-07-07 00:01:18,23,Slawek Biel,1536.1
2026-07-07 00:01:18,24,jonathan breitgand,1516.8
2026-07-07 00:01:18,25,Yuki Okumura,1505.5
2026-07-07 00:01:18,26,Tufaben,1502.6
2026-07-07 00:01:18,27,Artem,1493.6
2026-07-07 00:01:18,28,Scool,1489.8
2026-07-07 00:01:18,29,Alan C52,1477.9
2026-07-07 00:01:18,30,typeIIIfairy,1471.5
2026-07-07 00:01:18,31,This waiting will kill me!,1464.8
2026-07-07 00:01:18,32,skalermo,1457.8
2026-07-07 00:01:18,33,kosmostars @ pseudolabeling,1453.4
2026-07-07 00:01:18,34,Nebraskinator,1442.1
2026-07-07 00:01:18,35,bowwowforeach,1434.7
2026-07-07 00:01:18,36,vkhydras,1423.9
2026-07-07 00:01:18,37,CPMP Fan,1402.0
2026-07-07 00:01:18,38,Controlvector,1401.7
2026-07-07 00:01:18,39,CPMP,1394.7
2026-07-07 00:01:18,40,ma name,1389.1
2026-07-07 00:01:18,41,Ebi,1379.6
2026-07-07 00:01:18,42,CurveCowboy,1376.0
2026-07-07 00:01:18,43,Dreame1,1361.1
2026-07-07 00:01:18,44,SR,1354.0
2026-07-07 00:01:18,45,Roche Overflow,1345.9
2026-07-07 00:01:18,46,3Comets,1341.9
2026-07-07 00:01:18,47,C404,1337.9
2026-07-07 00:01:18,48,unosss,1334.9
2026-07-07 00:01:18,49,Luke Li,1332.3
2026-07-07 00:01:18,50,Mendrika,1319.4
2026-07-07 00:16:21,1,Isaiah @ Tufa Labs,1839.2
2026-07-07 00:16:21,2,Hober Malloc,1789.2
2026-07-07 00:16:21,3,Jake Will,1769.6
2026-07-07 00:16:21,4,TonyK,1751.7
2026-07-07 00:16:21,5,flg,1730.5
2026-07-07 00:16:21,6,Felix M Neumann,1720.5
2026-07-07 00:16:21,7,Ender,1703.8
2026-07-07 00:16:21,8,Audun Ljone Henriksen,1698.4
2026-07-07 00:16:21,9,M & J & M.ver2,1661.5
2026-07-07 00:16:21,10,Boey,1658.6
2026-07-07 00:16:21,11,Luca,1625.9
2026-07-07 00:16:21,12,Xiangyu Liu,1625.2
2026-07-07 00:16:21,13,moriiiiiiiiim,1620.2
2026-07-07 00:16:21,14,Azat Akhtyamov,1615.2
2026-07-07 00:16:21,15,dragon warrior,1603.6
2026-07-07 00:16:21,16,One Man Wrecking Machine,1595.4
2026-07-07 00:16:21,17,Gregor Lied,1567.1
2026-07-07 00:16:21,18,Vadasz & Ascalon,1563.2
2026-07-07 00:16:21,19,Orbit Goblins,1559.8
2026-07-07 00:16:21,20,Sheeesh---,1550.6
2026-07-07 00:16:21,21,Slawek Biel,1542.5
2026-07-07 00:16:21,22,LuckyXC&me,1537.6
2026-07-07 00:16:21,23,213tubo,1529.3
2026-07-07 00:16:21,24,jonathan breitgand,1523.1
2026-07-07 00:16:21,25,Yuki Okumura,1515.9
2026-07-07 00:16:21,26,Artem,1504.0
2026-07-07 00:16:21,27,Tufaben,1499.1
2026-07-07 00:16:21,28,Scool,1487.5
2026-07-07 00:16:21,29,This waiting will kill me!,1477.7
2026-07-07 00:16:21,30,typeIIIfairy,1468.8
2026-07-07 00:16:21,31,Alan C52,1456.2
2026-07-07 00:16:21,32,skalermo,1454.2
2026-07-07 00:16:21,33,vkhydras,1449.4
2026-07-07 00:16:21,34,kosmostars @ pseudolabeling,1449.4
2026-07-07 00:16:21,35,Nebraskinator,1448.8
2026-07-07 00:16:21,36,bowwowforeach,1429.4
2026-07-07 00:16:21,37,CPMP Fan,1404.6
2026-07-07 00:16:21,38,Controlvector,1396.8
2026-07-07 00:16:21,39,CPMP,1392.0
2026-07-07 00:16:21,40,Ebi,1388.0
2026-07-07 00:16:21,41,ma name,1376.5
2026-07-07 00:16:21,42,CurveCowboy,1368.7
2026-07-07 00:16:21,43,Dreame1,1355.3
2026-07-07 00:16:21,44,SR,1355.1
2026-07-07 00:16:21,45,Roche Overflow,1347.2
2026-07-07 00:16:21,46,Luke Li,1345.9
2026-07-07 00:16:21,47,unosss,1338.5
2026-07-07 00:16:21,48,3Comets,1332.6
2026-07-07 00:16:21,49,C404,1324.3
2026-07-07 00:16:21,50,Mooegi,1323.7
2026-07-07 00:31:23,1,Isaiah @ Tufa Labs,1838.7
2026-07-07 00:31:23,2,Jake Will,1774.9
2026-07-07 00:31:23,3,Hober Malloc,1766.7
2026-07-07 00:31:23,4,TonyK,1752.1
2026-07-07 00:31:23,5,flg,1742.2
2026-07-07 00:31:23,6,Felix M Neumann,1723.6
2026-07-07 00:31:23,7,Ender,1705.9
2026-07-07 00:31:23,8,Audun Ljone Henriksen,1693.5
2026-07-07 00:31:23,9,Boey,1661.2
2026-07-07 00:31:23,10,M & J & M.ver2,1645.3
2026-07-07 00:31:23,11,Xiangyu Liu,1633.0
2026-07-07 00:31:23,12,Luca,1630.1
2026-07-07 00:31:23,13,moriiiiiiiiim,1617.9
2026-07-07 00:31:23,14,Azat Akhtyamov,1602.6
2026-07-07 00:31:23,15,dragon warrior,1589.8
2026-07-07 00:31:23,16,One Man Wrecking Machine,1581.4
2026-07-07 00:31:23,17,Gregor Lied,1571.8
2026-07-07 00:31:23,18,Orbit Goblins,1565.4
2026-07-07 00:31:23,19,Vadasz & Ascalon,1564.4
2026-07-07 00:31:23,20,Slawek Biel,1557.6
2026-07-07 00:31:23,21,Sheeesh---,1540.2
2026-07-07 00:31:23,22,213tubo,1536.9
2026-07-07 00:31:23,23,jonathan breitgand,1529.6
2026-07-07 00:31:23,24,LuckyXC&me,1523.4
2026-07-07 00:31:23,25,Tufaben,1497.4
2026-07-07 00:31:23,26,Yuki Okumura,1496.1
2026-07-07 00:31:23,27,Scool,1495.3
2026-07-07 00:31:23,28,Artem,1487.5
2026-07-07 00:31:23,29,This waiting will kill me!,1480.9
2026-07-07 00:31:23,30,Alan C52,1470.1
2026-07-07 00:31:23,31,vkhydras,1461.1
2026-07-07 00:31:23,32,typeIIIfairy,1458.5
2026-07-07 00:31:23,33,Nebraskinator,1438.6
2026-07-07 00:31:23,34,kosmostars @ pseudolabeling,1437.2
2026-07-07 00:31:23,35,skalermo,1433.1
2026-07-07 00:31:23,36,CPMP Fan,1412.1
2026-07-07 00:31:23,37,bowwowforeach,1407.5
2026-07-07 00:31:23,38,Controlvector,1393.8
2026-07-07 00:31:23,39,Ebi,1388.5
2026-07-07 00:31:23,40,ma name,1380.4
2026-07-07 00:31:23,41,CurveCowboy,1378.9
2026-07-07 00:31:23,42,Dreame1,1378.1
2026-07-07 00:31:23,43,CPMP,1371.7
2026-07-07 00:31:23,44,3Comets,1354.6
2026-07-07 00:31:23,45,Roche Overflow,1353.4
2026-07-07 00:31:23,46,Luke Li,1348.2
2026-07-07 00:31:23,47,C404,1338.1
2026-07-07 00:31:23,48,unosss,1333.4
2026-07-07 00:31:23,49,SR,1331.1
2026-07-07 00:31:23,50,Mendrika,1324.7
2026-07-07 00:46:26,1,Isaiah @ Tufa Labs,1841.4
2026-07-07 00:46:26,2,Hober Malloc,1776.2
2026-07-07 00:46:26,3,TonyK,1773.8
2026-07-07 00:46:26,4,Jake Will,1759.9
2026-07-07 00:46:26,5,flg,1730.5
2026-07-07 00:46:26,6,Felix M Neumann,1716.7
2026-07-07 00:46:26,7,Ender,1706.9
2026-07-07 00:46:26,8,Audun Ljone Henriksen,1693.8
2026-07-07 00:46:26,9,Boey,1668.8
2026-07-07 00:46:26,10,M & J & M.ver2,1643.2
2026-07-07 00:46:26,11,Xiangyu Liu,1643.2
2026-07-07 00:46:26,12,Luca,1625.4
2026-07-07 00:46:26,13,dragon warrior,1606.0
2026-07-07 00:46:26,14,One Man Wrecking Machine,1603.6
2026-07-07 00:46:26,15,moriiiiiiiiim,1602.1
2026-07-07 00:46:26,16,Azat Akhtyamov,1592.5
2026-07-07 00:46:26,17,Gregor Lied,1568.5
2026-07-07 00:46:26,18,Orbit Goblins,1562.4
2026-07-07 00:46:26,19,Vadasz & Ascalon,1557.5
2026-07-07 00:46:26,20,Slawek Biel,1553.5
2026-07-07 00:46:26,21,213tubo,1543.8
2026-07-07 00:46:26,22,Sheeesh---,1532.6
2026-07-07 00:46:26,23,LuckyXC&me,1520.2
2026-07-07 00:46:26,24,jonathan breitgand,1518.6
2026-07-07 00:46:26,25,Yuki Okumura,1507.5
2026-07-07 00:46:26,26,Scool,1506.3
2026-07-07 00:46:26,27,This waiting will kill me!,1493.1
2026-07-07 00:46:26,28,Artem,1492.2
2026-07-07 00:46:26,29,Tufaben,1485.3
2026-07-07 00:46:26,30,Alan C52,1480.9
2026-07-07 00:46:26,31,vkhydras,1452.7
2026-07-07 00:46:26,32,typeIIIfairy,1447.6
2026-07-07 00:46:26,33,Nebraskinator,1447.1
2026-07-07 00:46:26,34,kosmostars @ pseudolabeling,1441.0
2026-07-07 00:46:26,35,CPMP Fan,1420.6
2026-07-07 00:46:26,36,skalermo,1413.7
2026-07-07 00:46:26,37,bowwowforeach,1399.7
2026-07-07 00:46:26,38,Ebi,1397.8
2026-07-07 00:46:26,39,Controlvector,1397.3
2026-07-07 00:46:26,40,CPMP,1393.1
2026-07-07 00:46:26,41,Dreame1,1385.4
2026-07-07 00:46:26,42,ma name,1384.0
2026-07-07 00:46:26,43,CurveCowboy,1373.2
2026-07-07 00:46:26,44,Luke Li,1365.5
2026-07-07 00:46:26,45,Roche Overflow,1349.2
2026-07-07 00:46:26,46,3Comets,1342.0
2026-07-07 00:46:26,47,C404,1338.9
2026-07-07 00:46:26,48,unosss,1336.9
2026-07-07 00:46:26,49,Harm Buisman,1328.2
2026-07-07 00:46:26,50,SR,1326.6
